球员,总分,传球,传中,盯人,罚点球,技术,角球,界外球,盘带,抢断,任意球,射门,停球,头球,远射,才华,防守站位,工作投入,集中,决断,领导力,侵略性,视野,团队合作,无球跑动,意志力,勇敢,预判,镇定,爆发力,弹跳,灵活,耐力,平衡,强壮,速度,体质,稳定,大赛,抗压
汤姆·希顿 - 选​择球​员,265.745,12,2,2,3,8,2,2,2,3,5,2,8,8,3,1,14,6,17,14,18,7,11,18,2,13,14,12,10,5,14,11,8,10,12,5,13,14,16,11
利桑德罗·马丁内斯 - 选​择球​员,407.9825000000001,15,9,16,10,15,6,12,9,16,8,7,15,13,6,10,16,15,14,13,14,18,14,14,8,17,17,16,16,12,12,14,15,14,15,12,15,13,11,14
瑟内·拉门斯 - 选​择球​员,365.16249999999997,13,2,7,1,12,6,2,2,13,9,1,14,12,3,1,13,13,14,13,12,5,11,12,12,18,13,13,14,12,14,16,12,10,11,11,12,14,13,14
卡塞米罗 - 选​择球​员,387.2908333333333,14,11,14,14,14,9,10,10,17,10,11,15,17,14,12,14,14,14,12,17,18,14,17,13,17,17,17,11,9,15,10,12,15,17,10,12,13,15,15
马特乌斯·库尼亚 - 选​择球​员,435.7891666666666,14,13,4,13,16,13,5,18,6,13,15,12,11,15,17,5,15,7,11,10,16,12,10,13,16,15,11,14,15,12,15,13,15,12,15,12,10,14,12
帕特里克·多尔古 - 选​择球​员,423.19,11,12,8,10,13,7,7,13,12,9,11,13,10,7,11,11,15,13,9,7,14,10,13,15,15,10,13,10,16,12,12,15,11,14,16,13,12,12,6
哈里·马奎尔 - 选​择球​员,397.1116666666667,13,7,15,14,13,5,10,10,15,8,8,14,17,7,9,16,12,14,12,15,14,12,14,7,11,17,14,13,10,17,13,17,13,17,12,17,12,13,11
梅森·蒙特 - 选​择球​员,419.9616666666666,14,12,7,15,14,15,4,11,10,14,13,15,6,12,13,14,19,14,14,10,15,12,18,16,17,15,13,13,14,8,15,18,11,10,15,13,12,14,14
德莫特·米 - 选​择球​员,291.92583333333334,6,1,3,3,8,3,3,2,1,6,2,8,2,1,1,11,7,10,9,7,11,4,9,3,3,10,11,8,11,13,12,7,10,8,7,7,19,15,13
卢克·肖 - 选​择球​员,425.0658333333332,15,14,14,10,14,15,10,14,13,14,8,15,13,6,10,15,13,13,14,12,13,13,15,14,10,13,15,15,14,14,15,14,15,16,14,10,14,13,13
诺赛尔·马兹拉乌 - 选​择球​员,409.95416666666665,14,12,11,10,16,8,12,14,14,7,9,15,11,12,15,12,16,12,14,12,13,14,16,14,12,14,13,14,14,11,14,15,12,10,14,13,13,12,12
马泰斯·德·莱特 - 选​择球​员,428.7808333333333,13,5,16,8,12,4,8,9,16,8,8,12,16,10,5,16,15,14,13,14,16,10,15,7,16,18,14,11,12,16,15,13,16,18,14,11,14,14,14
蒂雷尔·马拉西亚 - 选​择球​员,412.7616666666667,12,13,14,7,13,7,12,12,13,9,7,13,9,8,10,12,16,11,14,9,15,9,15,13,16,15,12,13,15,8,16,15,13,7,15,16,13,13,15
约书亚·奇科琦 - 选​择球​员,412.76500000000004,16,9,5,13,18,4,3,17,6,11,13,15,12,12,19,6,12,13,14,9,8,16,18,14,13,9,15,13,12,13,13,14,13,14,12,15,12,14,11
布鲁诺·费尔南德斯 - 选​择球​员,432.0783333333333,18,16,3,19,18,16,3,11,8,16,15,17,9,15,17,7,18,13,13,17,18,18,15,16,18,15,17,14,13,9,15,20,13,10,13,20,14,12,14
阿马德·达里奥·特拉奥雷 - 选​择球​员,431.5566666666667,15,11,6,8,16,15,2,15,6,12,13,16,3,14,16,9,16,11,13,5,14,13,13,14,17,12,12,14,16,6,15,14,14,9,15,15,12,14,14
布里安·姆贝乌莫 - 选​择球​员,441.0541666666666,13,13,6,17,15,12,6,15,6,12,14,17,8,13,15,7,17,13,14,8,12,13,14,14,17,13,13,15,15,8,16,15,13,13,15,17,15,15,13
本杰明·塞斯卡 - 选​择球​员,453.47833333333335,12,7,7,17,14,3,8,14,8,10,14,13,15,14,14,7,14,12,13,10,13,11,12,14,15,14,14,12,14,17,15,15,15,15,16,16,13,12,12
阿尔泰·贝蒂儿 - 选​择球​员,392.71583333333336,12,3,3,1,10,5,2,2,3,9,2,11,8,2,4,14,14,7,9,11,16,5,10,1,12,10,15,10,13,17,19,13,14,16,12,14,11,12,10
曼努埃尔·乌加特 - 选​择球​员,414.4533333333334,12,8,13,7,12,7,10,11,18,6,8,12,10,9,12,13,17,15,12,10,18,8,17,8,15,18,16,9,13,10,13,17,16,14,13,17,12,14,13
迪奥戈·达洛特 - 选​择球​员,423.5866666666667,13,13,12,10,14,8,15,13,13,6,8,14,12,8,11,14,15,11,10,10,13,10,14,14,13,12,13,12,14,13,16,15,14,14,15,15,12,13,12
考比·梅诺 - 选​择球​员,413.28916666666663,14,9,9,13,16,9,4,14,12,8,13,15,10,9,12,12,14,12,14,7,13,13,15,14,13,13,14,16,13,12,14,14,16,12,13,15,13,14,15
莱尼·约罗 - 选​择球​员,438.67333333333323,13,5,13,10,13,5,5,12,13,5,6,14,15,9,11,14,13,13,13,10,9,12,13,8,16,13,14,14,16,15,15,14,13,13,15,12,12,17,15
艾登·希文 - 选​择球​员,425.30166666666656,13,6,14,7,13,5,10,10,14,5,5,14,13,3,5,13,13,11,13,7,10,9,14,7,14,13,14,15,15,14,13,14,15,13,15,15,13,9,15
杰里米·多库 - 选​择球​员,451.58833333333325,14,12,5,14,15,11,5,18,7,8,11,13,5,9,17,8,14,13,16,6,13,13,15,13,12,13,13,13,19,8,13,13,13,14,16,15,14,13,13
马特奥·科瓦契奇 - 选​择球​员,430.2408333333333,14,10,12,12,16,10,7,16,15,12,8,16,10,9,14,13,17,11,14,11,14,15,15,13,17,14,15,17,15,9,13,14,16,13,14,12,13,13,14
约什科·格瓦迪奥尔 - 选​择球​员,448.11583333333334,16,12,14,7,14,2,12,13,14,6,12,14,15,8,13,14,16,15,14,13,15,15,15,13,17,17,14,16,14,13,16,15,15,16,15,15,14,16,18
马库斯·贝蒂奈里 - 选​择球​员,327.7941666666666,12,3,5,1,8,3,14,5,5,7,2,9,6,3,3,14,11,13,11,13,11,6,14,2,18,14,14,10,10,16,9,11,12,13,6,8,9,10,12
约翰·斯通斯 - 选​择球​员,449.3283333333334,16,6,13,12,16,4,8,14,16,5,8,14,14,6,12,15,17,16,15,13,13,14,16,15,13,17,15,17,14,16,13,15,12,15,15,15,16,14,14
马科·盖希 - 选​择球​员,444.19916666666666,14,12,16,7,15,5,9,14,15,7,8,15,14,8,11,15,14,14,15,17,11,13,15,10,17,14,15,15,15,14,14,15,15,14,14,16,16,14,15
菲尔·福登 - 选​择球​员,444.46083333333326,17,13,8,12,17,13,5,17,8,13,14,17,8,13,16,11,14,15,14,8,7,17,15,16,14,13,14,16,16,7,15,14,15,9,16,14,13,16,12
詹姆斯·特拉福德 - 选​择球​员,386.7966666666667,11,1,2,1,13,2,2,5,1,5,2,9,5,3,10,15,12,14,11,12,11,12,13,2,12,14,11,11,13,15,12,13,15,13,13,15,14,14,13
埃尔林·哈兰德 - 选​择球​员,514.525,13,10,6,17,14,7,5,14,7,13,18,13,15,13,16,7,13,15,15,13,15,14,14,18,20,15,19,17,17,18,17,14,17,17,19,19,16,14,18
安托万·赛门约 - 选​择球​员,439.015,12,11,5,10,15,6,14,16,7,7,16,16,10,13,17,7,12,11,13,8,14,13,13,15,13,12,12,15,16,11,16,14,14,14,15,14,13,11,9
内森·奥科 - 选​择球​员,433.955,14,10,16,3,14,2,10,13,15,6,8,14,15,10,6,15,16,15,14,13,12,13,14,5,15,16,14,15,15,12,15,15,13,15,14,14,16,15,12
提亚尼·雷吉恩德斯 - 选​择球​员,427.91749999999996,15,12,10,12,15,13,8,14,8,12,14,15,11,15,14,11,14,15,14,12,8,16,16,16,13,13,14,14,14,11,15,15,14,12,14,15,14,13,14
詹路易吉·多纳鲁马 - 选​择球​员,416.0683333333332,13,2,3,6,7,7,8,6,7,8,3,10,8,1,6,17,14,16,16,14,12,9,16,2,15,16,17,15,11,19,9,16,18,17,12,15,15,15,15
莱恩·埃特-努里 - 选​择球​员,420.7366666666666,13,14,12,8,15,11,8,17,15,7,10,15,11,9,18,14,13,12,13,7,11,13,12,14,15,13,13,15,14,10,16,14,13,11,15,13,14,11,12
莱恩·切尔基 - 选​择球​员,413.9583333333332,16,14,3,11,17,14,3,18,3,14,12,17,4,10,18,7,12,10,13,11,8,17,12,12,13,12,9,15,14,6,14,12,13,13,14,13,14,14,15
伯纳多·席尔瓦 - 选​择球​员,425.33666666666664,17,15,12,13,18,14,2,17,8,13,15,17,10,13,17,13,20,14,14,14,13,17,17,17,16,15,16,16,13,7,13,16,16,9,12,17,16,16,13
鲁本·迪亚西 - 选​择球​员,438.8858333333332,13,11,17,8,13,4,5,12,17,5,6,13,15,4,8,16,17,14,15,17,16,13,16,8,18,18,16,15,13,16,13,18,12,16,13,18,17,16,16
罗德里 - 选​择球​员,456.05749999999995,16,8,13,8,14,4,7,13,17,8,13,15,13,15,9,17,16,17,18,13,13,16,16,14,13,15,17,20,14,17,14,17,12,16,13,16,18,18,15
尼科 - 选​择球​员,422.7958333333334,16,8,11,8,16,6,5,14,13,8,11,16,12,10,14,14,14,13,15,11,14,15,14,13,14,10,14,17,13,13,13,16,16,14,13,15,16,15,14
马特乌斯 - 选​择球​员,438.4558333333333,13,16,9,11,15,13,12,14,11,11,12,14,10,13,15,12,16,16,13,8,15,14,16,14,15,16,13,14,14,12,16,15,13,14,15,17,15,17,17
奥马尔·马尔冒斯 - 选​择球​员,456.4741666666666,13,12,7,16,15,15,6,16,8,18,14,14,11,14,16,7,15,13,14,12,13,15,13,16,16,11,16,16,16,11,16,13,15,13,16,14,13,14,15
萨维尼奥 - 选​择球​员,437.71250000000003,14,14,5,10,17,13,11,17,4,12,10,18,3,9,18,5,14,12,13,12,8,15,12,15,15,6,13,12,17,8,16,13,14,7,16,13,12,5,13
里科·刘易斯 - 选​择球​员,417.43833333333333,13,10,12,12,13,4,10,13,13,6,8,13,12,5,12,15,16,13,14,12,15,12,13,13,17,17,12,14,15,8,15,15,13,13,14,13,13,14,14
李·奥赖利 - 选​择球​员,430.44166666666666,13,12,11,8,15,12,9,15,12,12,11,13,10,8,16,13,14,13,14,7,10,14,13,13,15,12,13,14,16,15,13,15,13,12,14,12,15,13,12
阿卜杜克迪尔·胡萨诺夫 - 选​择球​员,449.2200000000001,13,7,13,10,12,5,11,9,16,6,7,12,13,8,7,14,15,14,13,12,16,12,13,12,13,16,13,13,17,15,15,15,13,15,17,15,13,12,13
莱安德罗·特罗萨尔德 - 选​择球​员,422.84583333333336,14,12,6,13,16,14,4,15,4,12,14,15,6,13,15,9,14,14,14,8,13,15,14,15,15,13,14,14,16,6,13,13,13,9,14,12,13,15,13
加布里埃尔·赫苏斯 - 选​择球​员,424.90749999999997,13,12,7,13,16,8,4,16,8,11,13,15,14,11,15,10,18,14,15,11,14,14,18,16,15,14,16,13,14,10,14,13,15,13,13,10,13,14,14
加百列 - 选​择球​员,449.19083333333333,13,7,16,7,13,4,7,10,18,4,8,12,19,7,8,15,14,13,15,13,17,13,17,9,19,18,15,13,13,17,15,16,14,19,15,15,17,12,15
加布里埃尔·泰奥多罗·马丁内利·席尔瓦 - 选​择球​员,455.1941666666667,12,11,5,11,15,13,3,16,5,10,14,14,11,9,15,7,17,12,13,7,14,13,16,15,17,14,14,13,17,11,16,15,14,11,16,15,14,13,15
克里斯蒂安·诺加德 - 选​择球​员,410.6449999999999,13,10,14,8,14,9,9,12,15,9,9,14,13,9,10,16,16,15,15,15,15,13,16,12,15,15,15,15,12,14,11,16,13,12,12,14,15,15,14
德克兰·赖斯 - 选​择球​员,449.9824999999999,15,15,15,11,15,20,15,14,17,17,11,16,14,12,10,16,17,15,18,16,13,14,19,16,18,16,18,17,13,14,15,17,15,14,13,18,19,16,16
布卡约·萨卡 - 选​择球​员,472.8066666666666,13,15,8,15,17,18,6,17,10,14,15,16,9,17,16,10,16,14,16,13,13,15,17,17,17,12,16,15,17,9,15,17,18,13,15,18,17,15,18
大卫·拉亚 - 选​择球​员,354.26000000000005,12,1,2,3,12,5,1,1,2,8,1,12,8,1,13,13,13,13,12,12,12,15,12,6,16,13,14,14,12,12,14,12,11,11,10,16,17,13,16
本杰明·怀特 - 选​择球​员,428.78249999999997,14,13,15,5,14,5,9,12,15,3,8,14,14,9,13,16,14,15,15,11,13,13,16,13,14,15,17,16,14,14,12,15,13,14,14,13,14,12,14
埃贝尔·艾泽 - 选​择球​员,428.1416666666666,15,13,6,12,16,14,4,17,7,14,13,15,6,15,18,10,12,12,14,11,10,16,15,16,14,8,15,15,14,9,15,13,16,12,13,13,14,16,15
尤里恩·玛杜罗 - 选​择球​员,438.6866666666666,15,12,15,8,15,4,10,13,16,7,6,14,14,7,12,15,15,15,15,12,14,12,16,14,16,16,16,15,14,13,14,15,13,14,15,14,16,14,16
诺尼·马杜埃凯 - 选​择球​员,443.2575,13,13,3,11,15,13,3,17,5,10,13,16,11,13,16,5,13,11,14,5,9,14,12,15,12,13,12,15,15,13,15,13,16,14,16,15,12,12,12
里卡尔多·卡拉菲奥里 - 选​择球​员,436.39500000000004,15,12,14,7,15,4,14,13,15,6,9,14,14,12,13,15,14,14,15,10,15,13,16,13,15,13,17,15,14,14,14,15,14,14,14,15,15,14,16
威廉·萨利巴 - 选​择球​员,466.27,13,10,16,10,16,5,6,12,18,5,9,15,16,11,11,16,15,15,16,10,15,12,17,8,16,15,18,19,14,16,16,16,16,17,15,16,18,16,18
马丁·奥德加德 - 选​择球​员,436.5058333333333,18,15,9,14,19,16,3,17,10,14,13,18,8,16,16,10,15,15,17,15,9,19,19,17,16,10,18,16,13,9,15,15,16,11,13,13,14,13,15
凯帕·阿里萨巴拉加 - 选​择球​员,353.385,11,2,1,2,11,4,1,1,3,6,2,11,5,2,2,13,10,16,14,10,8,11,13,5,13,10,14,14,9,14,16,12,13,12,12,12,13,12,10
米克尔·梅利诺 - 选​择球​员,430.7325,15,11,14,10,15,8,8,14,13,10,13,14,15,12,13,14,15,15,15,12,15,15,16,14,16,15,15,13,12,15,15,17,13,16,13,16,14,15,16
马丁·苏维门迪 - 选​择球​员,409.91999999999996,16,10,15,12,15,9,2,13,15,8,11,16,14,13,10,15,15,16,16,12,14,15,17,13,13,13,18,16,12,11,15,15,12,14,11,15,16,15,15
皮埃洛·海因卡佩 - 选​择球​员,448.13666666666666,14,11,15,10,13,5,14,12,17,5,7,12,13,7,11,14,18,14,13,11,17,13,15,11,18,18,14,14,14,15,16,15,15,15,16,14,15,14,14
凯·哈瓦茨 - 选​择球​员,431.2316666666667,16,10,8,13,17,10,8,15,10,11,13,16,15,11,14,11,14,11,14,7,11,15,15,17,14,12,16,13,13,14,14,15,15,14,14,17,14,13,13
维克托·格约克雷斯 - 选​择球​员,459.4958333333332,13,10,6,15,13,6,6,14,8,7,16,14,13,12,13,8,19,13,13,7,17,13,16,13,18,16,12,14,14,14,16,18,18,18,16,17,13,11,14
克里斯蒂安·莫斯克拉 - 选​择球​员,439.21583333333336,13,10,15,8,11,4,11,11,17,7,7,12,13,8,10,13,15,13,13,10,15,13,14,7,13,15,15,13,14,15,14,14,13,15,17,16,13,13,15
迈尔斯·路易斯-史凯利 - 选​择球​员,436.95916666666665,14,12,10,10,15,10,7,15,13,10,9,15,8,10,13,10,14,12,12,9,14,13,15,12,14,13,12,14,16,10,16,14,17,15,14,17,14,16,18
马克斯·罗伯特·道曼 - 选​择球​员,399.6550000000001,11,10,7,12,14,12,8,14,7,12,10,13,8,10,16,9,15,9,14,4,9,13,10,14,16,4,14,11,15,10,14,11,11,9,13,13,13,2,11
马尔基尼奥斯 - 选​择球​员,439.5991666666667,13,11,16,8,13,4,7,10,16,4,8,13,16,10,10,16,15,16,15,16,15,13,17,8,16,15,17,16,13,16,13,16,16,15,14,15,16,15,14
卢卡斯·舍瓦莱 - 选​择球​员,381.60416666666663,14,2,1,5,13,2,3,3,3,1,1,14,3,1,15,13,14,12,13,14,12,15,13,11,16,14,15,14,11,15,16,14,13,12,12,13,14,18,16
布拉德利·巴科拉 - 选​择球​员,449.52750000000003,14,13,5,10,16,10,5,16,5,9,13,16,11,12,16,9,14,12,11,10,12,13,14,15,13,12,12,12,17,13,13,12,13,10,17,15,13,12,13
玛特威·萨芬诺 - 选​择球​员,368.91666666666663,12,2,3,5,9,6,1,2,2,10,3,12,1,1,8,14,12,14,13,13,13,12,13,3,13,13,13,16,11,16,13,12,12,15,12,12,14,14,11
克维查·克瓦拉茨赫利亚 - 选​择球​员,436.52833333333336,16,14,8,15,18,8,4,18,10,14,15,18,11,14,19,5,12,11,15,10,11,15,11,17,17,12,12,14,15,9,13,12,13,10,15,16,16,12,16
卢卡斯·埃尔南德斯·卡斯坎特 - 选​择球​员,423.97833333333335,14,13,16,7,13,6,12,12,16,8,6,14,14,7,11,16,15,13,14,13,18,12,15,13,17,17,15,14,13,14,14,14,15,15,13,13,14,15,13
法比安 - 选​择球​员,421.96166666666664,16,14,13,11,16,9,9,15,14,9,14,17,13,16,16,14,14,14,14,11,13,15,15,15,13,14,15,15,12,14,13,16,16,13,12,14,15,12,13
阿什拉夫·哈基米 - 选​择球​员,472.2241666666667,15,15,13,10,14,7,11,15,13,13,13,15,11,13,14,13,17,13,13,15,16,13,13,17,16,12,13,13,18,11,15,18,14,12,18,19,17,15,14
李康仁 - 选​择球​员,418.11249999999995,15,15,6,13,16,14,7,16,6,14,13,17,8,15,17,8,13,13,12,10,13,15,13,14,16,12,14,12,14,8,13,13,13,10,13,12,12,13,15
伊利亚·扎巴尔尼 - 选​择球​员,435.7341666666667,13,3,15,6,12,3,5,9,16,4,5,11,14,5,6,15,14,15,15,9,12,10,16,8,14,14,15,17,14,15,14,15,15,16,15,15,14,18,15
维辛哈 - 选​择球​员,435.9866666666667,17,13,15,17,16,13,8,17,14,13,12,17,7,14,17,15,17,16,15,14,14,17,16,15,15,15,16,16,13,8,14,18,16,11,13,16,18,14,16
贡萨洛·拉莫斯 - 选​择球​员,432.99916666666667,13,10,7,11,14,10,4,13,8,8,15,14,15,12,13,8,15,15,15,10,14,13,16,15,16,15,14,13,13,13,16,16,15,14,14,15,13,13,14
努诺·门德斯 - 选​择球​员,463.22833333333335,14,15,12,9,14,13,11,15,14,13,10,15,9,10,12,13,15,12,13,8,15,13,12,14,14,12,14,14,18,10,16,15,14,13,18,16,15,14,17
奥斯曼·登贝莱 - 选​择球​员,465.1275,15,14,8,14,18,12,5,18,6,10,16,18,7,13,18,10,15,13,13,13,13,14,14,15,15,12,13,13,18,8,15,14,13,10,17,15,16,15,13
威廉·帕库 - 选​择球​员,451.2949999999999,14,8,16,6,12,3,8,11,16,4,6,13,15,6,11,15,15,15,15,10,16,13,15,10,16,17,16,15,14,16,16,15,15,18,15,15,16,14,15
若奥·内维什 - 选​择球​员,436.03249999999997,15,12,14,10,14,11,12,16,16,10,11,15,15,11,15,14,16,16,14,12,17,14,14,14,16,16,14,15,14,12,14,17,17,13,13,17,15,13,14
贝拉尔多 - 选​择球​员,409.7008333333334,14,9,14,7,12,5,7,11,15,7,9,13,14,5,10,15,14,13,13,12,15,14,13,11,13,15,15,14,13,13,13,14,14,15,13,13,13,14,13
德希雷·杜艾 - 选​择球​员,425.1791666666667,15,14,11,10,17,14,4,17,10,11,12,17,9,13,16,10,14,12,12,8,10,15,14,12,15,13,12,13,16,9,14,13,13,11,14,14,13,12,12
沃伦·扎伊尔-埃梅里 - 选​择球​员,416.72416666666663,15,11,13,10,14,11,4,13,14,8,8,15,9,12,13,15,15,13,13,8,14,14,15,15,16,15,14,14,14,10,11,16,15,14,13,15,14,13,14
森尼·马尤鲁 - 选​择球​员,404.55,14,10,11,11,13,11,4,14,11,10,11,15,10,11,13,10,15,12,12,7,11,12,13,14,13,13,12,13,14,11,13,13,15,9,14,14,12,10,11
易卜拉欣·姆巴耶 - 选​择球​员,406.78749999999997,13,11,6,11,14,10,11,14,6,9,11,14,12,10,14,8,12,10,10,7,10,14,13,13,14,13,11,11,15,13,12,11,12,8,14,13,10,8,11
戴维·阿拉巴 - 选​择球​员,412.9700000000001,16,12,14,14,15,12,13,12,13,15,10,15,13,14,12,15,14,14,14,15,13,13,15,14,16,12,14,14,13,11,11,13,14,12,13,15,14,15,15
蒂博·库尔图瓦 - 选​择球​员,400.58333333333337,13,1,3,5,12,5,1,10,2,10,2,10,10,2,14,16,12,16,16,14,8,10,14,3,16,15,15,13,12,18,11,8,14,14,11,12,16,19,17
米利唐 - 选​择球​员,439.36999999999995,14,10,15,13,12,9,11,12,16,10,8,12,16,11,10,16,16,12,14,16,15,12,13,12,15,16,15,12,14,14,13,15,15,16,15,18,13,15,15
维尼休斯·儒尼奥尔 - 选​择球​员,481.90333333333336,15,13,3,14,16,7,4,19,6,8,16,15,12,12,16,8,10,10,12,13,17,12,9,15,20,17,15,13,19,8,16,16,17,12,18,15,11,18,9
罗德里戈 - 选​择球​员,446.39000000000004,15,12,5,12,15,11,8,17,6,14,17,15,12,14,15,10,14,13,14,11,11,14,13,17,14,14,14,14,15,7,16,15,16,13,16,12,12,16,13
特伦特·亚历山大-阿诺德 - 选​择球​员,421.6424999999999,19,17,10,11,17,15,9,11,12,15,8,17,11,12,14,11,14,12,13,12,13,17,15,15,15,11,13,15,14,11,14,13,15,13,14,15,15,15,14
卜拉欣·迪亚斯 - 选​择球​员,416.6241666666667,15,13,7,12,16,12,7,16,8,9,12,16,6,12,15,9,12,12,12,8,9,14,13,14,17,12,13,13,16,6,14,12,14,7,14,13,12,13,13
裘德·贝灵汉 - 选​择球​员,462.30750000000006,17,12,12,13,17,11,6,17,15,11,17,17,14,14,18,12,17,13,14,17,17,15,15,17,20,17,16,16,15,12,15,16,14,14,14,16,16,17,18
奥雷利安·特乔亚梅尼 - 选​择球​员,457.65749999999986,15,10,16,10,14,8,8,12,16,6,9,13,13,13,13,15,18,14,14,12,15,14,15,12,15,16,16,15,15,14,13,17,15,18,16,16,14,14,15
爱德华多·卡马温加 - 选​择球​员,463.51166666666666,15,13,14,7,15,6,13,13,16,6,10,15,13,12,12,14,16,13,13,13,15,13,16,14,16,16,15,13,16,13,16,17,15,16,17,16,14,15,15
丹尼尔·卡瓦哈尔 - 选​择球​员,422.195,13,14,13,9,12,11,13,13,15,8,11,13,12,11,12,15,18,13,15,14,17,13,16,17,17,18,16,13,14,7,13,15,17,13,13,14,14,17,14
丹尼尔·塞瓦略斯 - 选​择球​员,402.85666666666674,16,13,8,10,16,12,12,16,12,12,12,16,7,13,14,12,9,14,13,8,13,16,11,14,11,12,12,13,14,8,16,13,15,9,13,11,10,12,11
弗兰·加西亚 - 选​择球​员,432.7033333333334,11,11,12,7,12,11,15,12,13,12,8,10,5,12,11,11,17,12,11,12,14,10,16,13,14,16,12,12,16,5,15,17,17,13,17,14,13,11,14
安德烈·卢宁 - 选​择球​员,388.3325,10,2,2,3,10,5,1,2,3,6,1,12,9,3,1,14,14,13,13,8,5,11,13,3,15,12,13,13,14,15,15,14,12,14,12,14,14,12,15
费德里科·巴尔韦德 - 选​择球​员,466.18249999999995,15,12,13,9,14,13,10,12,15,14,13,14,12,17,14,13,18,14,13,14,12,13,18,14,18,17,15,13,17,12,15,18,15,14,17,17,15,16,12
弗兰德·门迪 - 选​择球​员,413.39500000000004,12,13,14,7,13,5,13,13,14,5,7,13,10,11,13,15,16,12,12,6,14,12,15,13,12,17,15,13,14,11,13,14,16,14,14,13,13,13,11
基利安·姆巴佩 - 选​择球​员,501.45666666666665,15,13,4,18,17,13,3,18,4,11,18,18,9,15,18,4,13,16,16,13,6,16,10,17,18,12,17,18,20,8,17,15,16,12,19,15,15,16,16
安东尼奥·吕丁格 - 选​择球​员,440.6991666666667,12,10,15,7,11,5,14,10,17,9,7,10,15,8,9,14,15,15,16,18,18,12,13,8,17,18,14,13,14,15,14,15,14,17,15,15,16,16,13
阿尔瓦洛·费尔南德兹 - 选​择球​员,429.0416666666667,15,10,11,10,15,8,11,14,15,7,11,14,11,12,11,12,14,13,14,12,14,13,15,14,16,13,14,15,14,13,15,15,15,13,14,16,16,14,13
布鲁诺·伊格莱西亚斯 - 选​择球​员,366.81416666666667,13,9,2,11,14,10,3,14,4,13,9,13,8,10,17,11,9,12,13,8,8,15,9,13,16,9,11,12,12,12,12,10,11,9,11,10,9,8,10
阿尔达·居勒 - 选​择球​员,410.96999999999997,16,15,7,14,18,15,8,14,7,14,14,17,11,16,15,7,13,11,14,12,14,17,16,12,16,13,14,13,14,6,13,11,13,11,12,14,12,12,16
迪恩·豪耶森 - 选​择球​员,406.1408333333334,15,7,14,14,14,7,7,11,14,6,8,13,14,8,7,14,14,14,13,8,11,14,12,10,15,8,14,16,12,17,11,13,12,11,13,11,13,7,15
劳尔·阿森西奥 - 选​择球​员,441.2075,13,8,14,6,13,7,13,10,14,7,7,12,13,6,8,13,16,14,12,10,17,9,15,8,15,18,14,13,17,13,16,14,11,13,16,15,13,15,13
贡萨洛·加西亚 - 选​择球​员,420.2483333333333,11,8,5,13,13,7,7,13,6,10,14,13,14,9,13,7,14,13,12,12,11,14,12,13,16,14,13,13,15,12,14,13,13,13,13,13,12,16,10
弗兰科·马斯坦图诺 - 选​择球​员,408.24499999999995,13,13,5,13,16,13,10,17,7,16,12,14,7,13,18,5,12,12,10,8,13,14,10,13,14,10,13,12,13,9,16,12,14,10,14,12,12,9,12
恺撒·帕拉西奥斯 - 选​择球​员,384.07166666666666,14,12,9,7,14,14,8,14,8,15,11,15,9,15,16,7,11,11,13,13,10,14,13,14,16,11,15,14,11,10,12,11,13,12,12,13,13,4,11
罗伯特·莱万多夫斯基 - 选​择球​员,425.3949999999999,13,9,7,18,16,6,3,13,7,15,18,16,17,12,14,7,13,16,17,15,13,14,13,18,18,15,16,17,11,13,11,13,16,15,12,17,15,16,16
拉菲尼亚 - 选​择球​员,464.3191666666666,15,15,8,14,15,15,11,15,11,14,15,15,10,14,16,8,18,17,15,16,16,14,15,19,19,17,15,15,16,8,16,16,15,11,16,17,16,16,15
丹尼尔·奥尔莫 - 选​择球​员,408.9316666666666,16,13,8,13,17,13,6,17,10,13,13,18,9,13,17,10,13,11,14,11,11,17,14,14,16,11,15,16,13,9,13,14,15,10,12,10,11,16,16
安德烈亚斯·克里斯滕森 - 选​择球​员,412.5574999999999,13,9,15,9,13,5,12,11,14,5,9,13,14,8,8,16,13,16,16,9,11,13,15,9,11,11,16,17,12,13,15,13,12,13,15,10,15,14,14
沃伊切赫·什琴斯尼 - 选​择球​员,365.5608333333333,11,1,2,3,8,5,1,2,2,8,3,10,6,2,7,14,11,11,12,14,12,10,10,4,14,15,13,16,10,17,9,12,11,15,12,12,14,14,15
马库斯·拉什福德 - 选​择球​员,454.53583333333336,14,13,4,16,15,13,5,15,4,13,15,14,12,13,16,4,10,12,12,10,10,13,11,16,13,10,13,12,16,13,16,14,15,15,17,14,12,17,13
埃里克·加西亚 - 选​择球​员,418.92,15,11,14,9,14,6,8,12,14,8,9,14,14,10,10,16,16,14,15,14,14,14,17,11,15,14,15,15,13,12,12,15,13,14,14,13,16,13,13
弗兰基·德容 - 选​择球​员,417.0808333333333,17,14,9,11,17,13,6,17,12,13,11,17,9,10,14,14,13,13,16,14,10,18,17,14,14,11,16,16,13,9,13,15,15,11,13,13,14,13,13
朱勒斯·孔德 - 选​择球​员,440.5033333333334,14,13,14,11,14,9,13,14,15,9,13,14,13,13,13,13,16,12,13,12,15,14,15,16,15,15,15,13,15,11,14,16,16,14,15,16,13,15,14
若奥·坎塞洛 - 选​择球​员,413.1391666666667,16,16,9,11,17,13,14,16,13,12,12,16,10,13,16,11,13,11,12,7,15,16,12,14,13,12,15,13,13,10,14,13,14,12,14,12,12,13,10
约恩·加西亚 - 选​择球​员,381.25833333333327,13,3,1,9,12,5,2,2,3,9,1,13,9,2,9,15,12,17,14,12,11,9,12,9,16,14,14,14,12,14,11,13,12,13,12,13,15,14,15
佩德里 - 选​择球​员,429.8933333333334,18,15,9,11,18,12,6,18,11,10,12,18,6,12,16,12,16,15,16,13,12,18,16,14,16,12,16,16,14,8,14,16,13,10,13,16,17,14,14
亚历杭德罗·巴尔德 - 选​择球​员,439.08333333333337,14,13,11,8,14,8,10,15,11,9,10,14,7,11,13,12,14,13,11,10,13,14,14,15,14,13,14,11,17,8,17,15,12,11,17,15,12,13,10
罗纳德·阿劳霍 - 选​择球​员,441.5033333333333,11,7,16,13,12,5,10,10,17,7,11,10,16,10,9,13,17,12,10,15,16,11,16,10,16,18,13,11,14,16,15,15,12,18,16,13,11,9,10
费兰·托雷斯 - 选​择球​员,445.67,13,13,7,12,15,9,7,14,10,10,14,13,14,13,14,8,15,15,14,11,11,13,14,18,17,13,16,14,15,12,16,14,14,12,16,15,12,14,13
帕博罗·帕耶兹·加维拉 - 选​择球​员,412.6491666666667,15,13,12,9,15,12,8,14,14,11,11,14,6,11,14,12,18,15,14,14,19,15,16,16,19,19,15,12,13,7,13,14,15,14,12,15,13,14,14
罗尼·巴尔吉 - 选​择球​员,401.8258333333333,14,14,5,9,15,13,5,15,6,11,13,15,5,14,15,7,12,12,13,8,10,14,12,14,17,13,13,13,13,6,11,12,14,8,13,15,12,13,15
费尔敏 - 选​择球​员,424.715,14,13,8,9,15,10,6,14,10,10,13,15,11,17,15,8,16,14,14,12,14,14,15,16,16,15,14,13,14,9,16,14,14,11,13,14,12,15,15
丹尼·罗德里格斯 - 选​择球​员,380.42999999999995,13,11,5,11,15,12,6,15,7,11,10,14,6,11,17,7,11,10,12,8,8,12,10,14,14,10,10,12,14,2,12,10,11,7,13,14,14,14,14
拉明·亚马尔 - 选​择球​员,462.0066666666668,17,17,5,11,19,14,6,19,6,12,13,19,7,14,19,7,11,14,16,12,9,18,13,15,17,11,15,15,16,9,16,13,15,11,15,14,16,18,16
马克·伯纳尔 - 选​择球​员,389.2758333333333,14,7,10,9,15,6,6,12,11,9,10,14,11,12,14,13,12,12,14,8,11,15,14,12,14,11,12,15,11,14,12,12,13,13,12,13,13,13,16
波·库巴西 - 选​择球​员,422.2241666666667,16,9,14,10,15,6,10,11,14,7,8,15,13,9,12,15,14,16,15,11,13,15,14,10,16,14,16,16,13,13,12,13,14,14,14,14,12,14,15
霍夫雷·托伦茨 - 选​择球​员,388.8666666666667,12,12,11,8,13,6,10,12,12,7,8,13,11,9,12,13,12,11,14,8,13,11,12,11,14,12,12,11,13,11,14,12,12,13,13,14,13,12,12
曼努埃尔·诺伊尔 - 选​择球​员,366.9516666666667,15,6,9,13,14,2,12,12,11,8,7,14,10,7,12,14,15,13,13,17,13,15,15,12,18,13,14,16,8,16,10,10,15,15,8,20,13,17,18
尼古拉斯·杰克逊 - 选​择球​员,440.18583333333333,12,9,8,13,14,8,6,15,9,8,13,13,13,12,14,8,16,12,12,8,16,12,12,15,14,16,15,12,15,14,13,15,14,14,16,12,12,10,8
康拉德·雷默 - 选​择球​员,421.56166666666667,13,12,12,8,12,8,10,12,17,8,8,12,8,12,10,12,20,13,13,13,17,12,19,13,18,18,13,12,14,10,13,17,12,13,15,16,15,16,12
达约特·乌帕梅克诺 - 选​择球​员,457.1991666666666,16,8,17,10,13,3,10,12,17,3,6,13,14,8,12,16,16,13,14,12,16,16,16,9,16,17,16,16,15,16,12,13,16,17,16,12,15,14,12
阿方索·戴维斯 - 选​择球​员,468.16749999999996,12,11,10,12,13,11,14,16,13,11,8,12,9,10,16,10,15,12,12,12,14,12,13,13,17,15,12,12,19,13,19,15,13,11,19,12,13,13,12
哈里·凯恩 - 选​择球​员,464.615,18,12,8,20,17,11,7,14,9,12,19,18,17,17,12,8,12,16,18,17,13,18,16,17,19,15,18,18,12,16,15,16,18,16,13,16,19,11,18
泽格·格纳布里 - 选​择球​员,415.8691666666666,13,12,8,12,15,12,7,15,9,12,15,14,11,15,15,8,12,12,13,13,11,13,13,16,12,12,16,13,15,8,14,13,12,12,14,10,13,13,10
贾马尔·穆西拉 - 选​择球​员,449.15166666666653,15,9,9,12,18,8,6,19,11,8,15,16,13,14,18,9,15,13,14,7,12,15,15,14,16,12,15,15,15,12,15,13,16,10,15,12,15,16,14
迈克尔·奥利塞 - 选​择球​员,455.04,18,17,8,15,18,16,6,18,9,16,15,18,8,16,17,8,13,13,16,8,8,18,12,17,13,12,17,17,15,11,12,15,16,13,14,12,17,16,18
伊藤洋辉 - 选​择球​员,423.3866666666666,15,12,15,7,13,12,14,11,13,12,7,13,13,8,11,15,14,15,13,12,13,14,16,11,16,13,14,16,13,14,15,14,14,13,15,10,16,13,16
路易斯·迪亚斯 - 选​择球​员,459.4191666666666,14,12,8,12,17,11,6,17,9,10,14,17,13,13,16,8,18,12,12,12,15,14,16,16,17,16,16,13,16,12,16,13,15,9,16,16,14,16,15
拉斐尔·格雷罗 - 选​择球​员,388.26416666666665,16,16,9,12,17,14,12,15,10,16,11,17,7,15,16,9,12,10,12,10,8,16,15,16,11,10,13,16,13,6,13,16,12,9,12,10,13,14,10
金民宰 - 选​择球​员,435.4116666666667,14,7,16,7,12,3,8,10,16,3,6,12,15,7,8,16,16,12,12,13,16,13,12,8,18,17,16,13,14,16,14,13,16,16,14,15,13,12,12
利昂·格雷茨卡 - 选​择球​员,436.5824999999999,15,11,12,12,14,10,8,12,14,12,12,14,16,15,12,12,17,14,13,14,15,14,16,16,16,16,16,13,12,16,15,16,16,17,14,12,14,14,12
若纳唐·塔 - 选​择球​员,447.2949999999999,14,7,15,8,12,3,10,10,13,4,6,12,16,8,8,16,15,15,14,16,15,13,16,9,15,16,16,16,12,17,16,13,18,18,16,14,17,13,12
约瑟普·斯塔尼奇 - 选​择球​员,423.43666666666667,13,12,14,8,12,6,12,12,15,6,8,12,14,7,11,14,15,15,13,12,13,13,16,12,15,16,13,13,12,15,15,15,14,14,15,12,16,15,14
乔纳斯·乌尔比西 - 选​择球​员,348.83916666666664,13,4,4,7,13,2,8,8,5,6,4,13,7,5,10,13,12,12,11,12,10,13,13,8,16,13,12,13,8,16,16,11,12,13,10,14,14,13,8
约书亚·基米希 - 选​择球​员,433.99499999999995,18,18,12,15,16,16,14,13,13,15,11,15,12,14,12,13,18,14,16,18,15,18,19,13,20,15,17,17,12,11,16,18,13,12,13,20,19,16,16
汤姆·比绍夫 - 选​择球​员,384.47999999999996,14,15,10,12,14,15,6,13,16,15,10,14,6,16,13,11,17,13,13,12,16,14,16,12,16,16,13,12,12,8,10,16,12,10,10,16,16,12,14
亚历山大·帕夫洛维奇 - 选​择球​员,394.45416666666665,17,13,11,12,15,13,6,12,12,13,8,15,11,12,12,13,13,16,16,10,12,15,16,9,15,13,16,17,11,13,14,17,13,11,12,8,17,16,16
伦纳特·卡尔 - 选​择球​员,395.17999999999995,13,12,6,15,16,13,4,16,6,15,12,16,6,16,16,6,11,10,12,5,7,13,12,12,13,8,12,12,15,5,14,14,12,6,12,12,13,13,12
马泰奥·达米安 - 选​择球​员,398.58583333333337,13,12,14,4,12,5,12,10,14,5,10,13,13,8,5,14,17,17,12,10,13,11,18,13,18,16,14,16,11,12,10,12,14,13,12,16,17,14,18
劳塔罗·马丁内斯 - 选​择球​员,461.71500000000003,12,8,5,15,16,4,4,14,8,5,17,16,16,15,17,7,18,14,14,16,18,12,15,16,19,18,15,15,15,11,14,19,14,13,15,20,16,13,15
卡洛斯·奥古斯托 - 选​择球​员,426.53666666666663,14,14,13,9,14,10,18,12,14,10,12,13,14,13,13,13,15,12,12,9,14,12,14,15,15,14,14,14,15,13,11,14,13,12,15,12,13,12,14
路易斯·恩里克 - 选​择球​员,409.97833333333335,13,15,7,10,14,7,6,14,7,9,11,13,10,12,15,8,12,12,11,10,12,12,13,11,12,12,10,12,15,8,14,13,11,11,15,13,13,12,12
斯特凡·德弗里 - 选​择球​员,407.00750000000005,14,8,16,8,14,4,11,9,15,5,8,13,16,7,12,14,14,13,13,13,13,12,16,8,14,14,16,14,12,15,14,11,14,15,12,16,13,13,14
丹泽尔·邓弗里斯 - 选​择球​员,481.13833333333326,12,13,10,11,12,8,15,12,14,4,14,13,17,13,11,11,14,11,11,11,18,11,13,16,16,14,14,14,17,17,16,15,18,18,18,17,14,14,14
弗朗西斯科·阿切尔比 - 选​择球​员,399.18,12,7,16,7,12,4,6,7,17,4,9,11,16,5,11,14,19,17,13,14,17,11,18,9,20,20,17,14,9,16,10,15,17,18,10,16,17,18,17
彼得·杰林斯基 - 选​择球​员,394.5158333333333,16,14,7,16,17,14,6,12,8,12,12,16,7,15,14,11,11,10,13,10,8,15,15,13,11,10,14,13,13,9,13,13,12,10,13,16,13,11,12
尼科尔·巴雷拉 - 选​择球​员,438.19583333333327,16,13,11,11,15,12,4,14,16,14,12,16,6,14,14,13,18,10,13,14,20,16,17,15,19,18,14,12,15,7,14,17,16,12,14,17,14,16,16
费代里科·迪马科 - 选​择球​员,428.7158333333333,15,19,13,13,15,17,8,11,12,16,12,18,11,17,15,13,16,15,17,15,12,16,18,16,16,16,14,16,14,9,12,13,15,11,14,15,14,14,15
亚历山德罗·巴斯托尼 - 选​择球​员,457.0533333333333,16,14,15,8,14,4,15,12,16,7,10,15,15,8,12,14,16,13,14,12,15,16,17,12,16,17,16,14,14,15,16,14,16,16,16,17,15,14,16
达维德·法拉特西 - 选​择球​员,430.935,14,9,9,12,14,4,5,12,10,6,16,14,12,14,13,11,14,16,16,11,13,12,14,19,15,14,17,18,14,12,14,13,13,11,14,16,14,15,16
马库斯·塞伦 - 选​择球​员,482.5924999999999,13,10,4,13,17,4,4,17,7,5,15,17,13,14,17,6,14,13,14,12,13,13,14,15,13,12,14,15,17,14,17,14,17,17,17,15,15,14,14
约安·邦亚尼 - 选​择球​员,437.06083333333333,13,9,5,14,15,4,4,14,9,6,14,14,13,10,12,9,15,13,13,10,13,14,16,14,13,14,13,12,14,13,16,14,16,16,15,15,13,12,13
安迪·迪乌夫 - 选​择球​员,415.87,13,8,12,11,15,7,8,14,11,8,8,14,11,11,12,12,16,11,11,7,13,13,14,13,12,13,13,12,13,14,16,15,16,13,14,16,12,10,9
亨里克·姆希塔良 - 选​择球​员,406.49249999999995,16,12,10,13,16,11,5,12,13,11,13,16,10,13,14,12,13,14,16,12,14,14,15,15,17,13,16,14,13,8,11,14,13,10,13,18,15,13,14
约瑟夫·马丁内斯 - 选​择球​员,360.2425,11,1,1,3,10,2,3,3,2,2,3,13,4,3,11,15,12,13,11,9,12,13,14,1,12,11,11,12,11,14,18,13,10,10,12,13,15,12,13
扬·索默尔 - 选​择球​员,385.2033333333334,13,4,6,6,12,1,12,7,6,3,4,12,6,7,10,16,13,14,13,15,13,12,15,8,18,15,12,15,11,13,18,12,12,11,11,18,15,18,17
亚恩-奥雷尔·比塞克 - 选​择球​员,434.5825,13,9,14,5,12,4,11,11,16,4,10,13,16,13,11,13,15,10,13,9,10,11,13,11,14,15,14,13,13,17,14,14,18,17,14,16,13,16,15
哈坎·恰尔汗奥卢 - 选​择球​员,399.8675,19,17,10,20,16,19,4,11,13,16,13,17,6,17,16,12,12,14,16,13,11,17,17,12,13,12,16,17,12,7,14,14,12,9,12,15,15,14,16
曼努埃尔·阿坎吉 - 选​择球​员,434.82000000000005,14,8,14,8,12,4,10,11,15,9,7,13,14,11,9,14,13,14,14,11,13,12,14,9,14,16,14,16,14,15,15,17,14,17,15,16,13,13,13
弗朗切斯科·埃斯波西托 - 选​择球​员,434.4741666666667,13,5,6,14,15,4,4,13,8,12,15,14,15,11,14,8,16,14,13,10,17,13,15,15,15,14,13,13,14,15,12,12,16,15,13,14,14,13,14
彼得·苏契奇 - 选​择球​员,405.54249999999996,16,11,10,8,16,11,4,15,12,9,12,16,11,10,16,11,16,12,11,7,11,14,14,13,17,12,13,14,13,12,15,18,12,11,11,18,13,14,17
卢卡·莫德里奇 - 选​择球​员,412.86083333333335,18,15,8,14,19,16,4,16,9,13,11,20,7,13,15,15,14,18,18,16,12,19,16,16,17,14,16,18,12,6,9,11,14,8,11,16,17,18,17
亚历克西斯·塞勒迈克斯 - 选​择球​员,410.2808333333333,15,14,9,7,15,14,8,14,13,11,11,14,9,13,15,11,16,13,12,12,14,14,16,13,16,13,13,11,14,10,12,14,13,8,14,12,16,12,13
柯尼·德温特 - 选​择球​员,412.0283333333335,12,12,15,7,11,7,12,13,14,8,8,12,15,9,11,14,12,12,12,11,9,11,13,8,15,12,14,13,13,15,12,13,14,14,14,16,13,12,11
鲁本·洛夫特斯-奇克 - 选​择球​员,408.8033333333333,14,11,12,12,13,7,13,13,13,9,12,13,14,13,10,13,13,13,13,12,10,12,14,14,14,12,14,14,12,15,12,14,15,17,13,10,12,14,14
菲卡约·托莫里 - 选​择球​员,435.38250000000005,12,7,15,7,11,4,13,9,16,8,7,11,14,7,7,14,14,13,12,12,17,11,13,10,14,14,16,11,16,13,12,16,13,15,16,15,13,14,13
彼得罗·泰拉恰诺 - 选​择球​员,337.2183333333333,10,1,3,5,7,4,1,1,1,7,3,8,9,3,8,14,11,14,8,12,4,8,13,7,13,13,12,13,10,16,16,12,14,12,8,13,12,12,12
马泰奥·加比亚 - 选​择球​员,406.4516666666667,13,8,16,6,13,4,11,8,14,4,8,13,15,7,4,16,13,16,14,14,13,12,15,11,14,15,17,15,12,14,12,15,14,14,12,14,16,13,14
萨穆埃莱·里奇 - 选​择球​员,409.14250000000004,16,11,10,8,15,9,6,12,13,10,9,14,8,12,13,13,14,15,15,11,13,14,16,13,16,15,15,15,13,11,12,15,14,12,13,16,15,13,13
约瑟夫·福法纳 - 选​择球​员,425.39083333333326,14,9,13,9,13,6,9,13,14,6,9,14,12,11,8,16,16,13,14,12,14,13,17,11,15,13,14,14,13,13,14,18,16,15,14,16,15,12,12
圣地亚哥·希门尼斯 - 选​择球​员,414.86583333333334,13,9,7,15,13,8,9,13,6,8,16,11,15,14,13,7,12,15,14,12,11,12,14,14,14,11,16,13,12,12,12,15,16,14,13,13,13,15,12
斯特拉辛加·帕夫洛维奇 - 选​择球​员,402.2391666666666,11,5,15,8,11,5,13,9,16,7,8,11,16,9,5,14,14,13,12,13,16,10,16,9,16,14,14,12,10,17,12,15,13,16,13,15,14,12,15
拉斐尔·莱昂 - 选​择球​员,463.3691666666666,13,13,4,13,16,8,6,17,4,9,14,17,13,13,17,4,8,8,9,10,8,12,12,14,11,8,13,12,18,16,16,13,15,13,17,16,9,8,10
阿尔登·亚沙里 - 选​择球​员,416.2583333333333,14,14,9,9,13,11,4,14,10,10,12,14,5,12,14,12,15,14,14,14,13,14,14,13,16,8,13,14,13,10,15,14,16,16,13,13,15,12,14
阿德里恩·拉比奥特 - 选​择球​员,451.1991666666666,16,14,12,12,15,11,8,14,16,9,13,15,14,15,10,16,16,12,11,14,13,13,17,14,10,14,15,14,13,14,16,18,15,17,16,19,15,15,14
迈克·迈尼昂 - 选​择球​员,361.09166666666675,14,1,1,8,12,1,5,6,13,1,1,12,6,10,6,15,11,13,13,14,12,13,14,1,18,15,16,16,9,15,13,16,14,15,10,16,13,14,16
克里斯托弗·恩库恩库 - 选​择球​员,444.205,14,13,4,15,16,14,4,16,7,16,14,15,10,13,17,6,12,12,12,8,11,13,12,16,15,12,16,15,17,10,16,12,12,11,15,11,15,16,15
佩尔维斯·埃斯图皮纳恩 - 选​择球​员,414.9625,14,14,11,11,13,9,14,13,15,9,9,12,10,13,12,10,16,12,12,10,15,13,15,13,13,13,13,12,14,10,16,18,12,13,14,16,13,12,14
尼克拉斯·弗尔克鲁格 - 选​择球​员,414.58666666666664,13,8,7,19,13,4,6,12,8,12,13,13,15,12,12,7,16,14,13,15,15,13,16,14,16,16,14,14,12,16,12,14,15,16,11,10,13,16,16
克里斯蒂安·普里西奇 - 选​择球​员,431.7933333333333,15,14,3,14,15,15,4,16,7,12,15,16,5,15,16,7,13,14,14,12,12,15,14,18,13,12,15,14,15,8,14,13,14,11,14,13,15,14,12
扎卡里·阿西卡姆 - 选​择球​员,393.5066666666667,11,12,11,6,12,10,12,13,12,6,5,12,9,8,12,12,13,12,11,7,13,11,13,10,13,10,11,12,14,11,15,14,13,10,14,16,11,10,11
达维德·巴特萨吉 - 选​择球​员,392.2408333333333,14,15,13,8,14,14,11,10,11,12,9,12,13,7,6,13,13,14,12,10,11,9,13,10,13,13,14,12,12,13,13,13,12,13,13,14,12,9,12
戴维·奥多格乌 - 选​择球​员,408.5825,11,7,13,6,11,3,10,10,13,3,6,10,13,7,7,12,14,12,10,12,16,9,12,8,16,15,12,9,13,16,14,11,14,15,14,8,15,14,12
弗朗切斯科·卡马尔达 - 选​择球​员,396.18583333333333,11,7,5,13,13,5,6,12,5,5,15,12,13,10,12,6,11,12,9,8,9,12,12,13,15,14,13,12,13,12,11,11,12,10,13,14,11,10,11
亚历克西斯·迈克·阿里斯特 - 选​择球​员,408.1216666666666,16,13,10,14,16,14,4,13,14,13,11,16,10,13,13,14,16,16,16,10,14,15,17,16,16,13,16,17,12,8,12,15,14,12,12,14,14,16,15
多米尼克·索博斯洛伊 - 选​择球​员,439.25666666666666,16,14,8,14,16,15,5,13,11,15,11,16,8,14,15,11,16,14,14,12,12,15,16,15,15,12,14,16,14,10,16,17,14,11,16,18,14,14,15
阿利森 - 选​择球​员,418.21500000000003,14,1,1,5,13,1,3,8,3,2,2,14,7,3,13,17,17,16,16,13,12,12,12,11,19,14,17,16,13,14,17,10,16,14,12,16,17,16,18
弗雷迪·伍德曼 - 选​择球​员,341.97249999999997,7,2,3,10,8,1,3,1,3,1,3,10,7,3,5,16,11,14,11,10,10,6,11,2,12,10,13,11,10,15,9,13,12,12,9,12,12,13,13
杰里米·弗林蓬 - 选​择球​员,434.33916666666664,12,13,9,10,14,10,8,16,11,7,12,12,6,9,16,9,15,10,11,6,14,12,13,15,14,13,12,10,18,6,15,15,12,9,17,16,12,13,12
柯蒂斯·琼斯 - 选​择球​员,415.6133333333333,15,12,10,13,17,11,6,15,10,11,10,16,8,11,14,11,13,13,14,10,13,15,15,15,15,11,14,14,14,9,14,13,16,11,13,14,13,14,15
里斯·威廉姆斯 - 选​择球​员,382.675,11,5,12,9,11,3,14,7,13,6,7,11,13,4,4,13,12,11,10,10,12,7,14,6,12,12,10,12,12,15,13,12,11,13,13,11,12,12,12
欧文·贝克 - 选​择球​员,398.88666666666666,13,13,12,9,13,13,10,13,12,13,8,12,7,9,10,12,14,12,11,7,14,11,14,13,13,13,12,12,14,10,16,14,13,11,13,12,13,12,15
康纳·布拉德利 - 选​择球​员,435.2250000000001,14,15,11,8,14,10,7,14,15,7,9,15,8,8,11,12,16,13,13,12,15,12,16,15,15,14,14,14,16,9,16,15,14,9,16,15,13,12,14
乔·戈麦斯 - 选​择球​员,439.64,13,13,15,1,14,3,16,11,15,4,1,15,15,1,5,15,14,14,14,13,14,7,16,11,12,14,14,14,16,14,16,15,14,15,15,15,14,14,14
维吉尔·范戴克 - 选​择球​员,462.2824999999999,16,4,16,11,16,2,6,9,17,13,8,17,18,5,11,17,15,17,16,18,17,15,17,10,18,14,17,18,14,17,13,14,14,18,14,17,18,18,17
科迪·盖克蓬 - 选​择球​员,435.15249999999986,14,13,8,12,15,14,6,15,8,11,13,15,12,14,14,9,13,13,12,11,11,13,14,14,14,12,14,15,15,13,14,14,15,13,14,12,14,14,15
丹泽尔·格雷文贝尔齐 - 选​择球​员,433.0616666666666,15,11,12,10,16,11,7,15,13,10,9,15,12,10,15,14,15,14,14,7,13,14,15,14,15,13,16,16,15,12,13,15,15,13,14,14,15,15,14
费代里科·基耶萨 - 选​择球​员,436.1491666666667,14,14,7,10,14,10,4,16,6,5,13,15,9,13,16,8,15,12,12,11,16,13,16,15,16,13,13,15,15,8,15,12,13,13,15,11,15,16,16
远藤航 - 选​择球​员,427.0033333333332,14,7,14,11,13,3,8,11,16,5,6,13,15,6,6,15,17,16,14,13,15,12,18,12,17,16,17,15,13,14,13,16,15,12,12,17,17,15,19
伊布拉西玛·科纳特 - 选​择球​员,448.6666666666666,14,5,16,6,14,3,12,13,16,6,5,14,16,4,8,15,15,12,14,12,16,9,15,8,14,16,14,14,14,16,16,14,14,18,15,14,15,15,15
乌戈·艾奇蒂克 - 选​择球​员,458.2416666666666,15,10,6,13,16,6,5,15,7,11,14,16,14,13,16,7,13,12,13,10,12,15,14,15,14,12,15,13,16,14,16,13,16,13,16,12,14,14,12
乔吉·马马达拉什维利 - 选​择球​员,362.8191666666667,12,2,2,1,13,4,2,1,1,6,3,12,8,3,11,14,15,14,13,11,11,11,14,1,14,14,13,13,10,18,14,12,11,15,11,12,15,14,11
安德鲁·罗伯特松 - 选​择球​员,430.7899999999999,14,16,14,7,14,14,13,12,15,9,2,15,10,5,11,13,17,14,13,16,17,12,17,14,16,16,14,15,15,9,14,18,15,12,15,17,13,15,15
弗洛里安·维尔茨 - 选​择球​员,450.5733333333333,18,13,8,14,18,14,3,17,10,13,13,18,7,14,18,7,17,15,15,9,13,18,16,16,17,13,16,16,14,7,16,16,15,10,15,13,17,17,18
亚历山大·萨克 - 选​择球​员,468.2441666666665,13,9,5,16,17,7,6,17,6,8,18,15,12,10,17,6,14,12,14,7,11,15,14,18,15,13,15,16,17,14,15,14,15,12,16,14,15,15,12
穆罕默德·萨拉赫 - 选​择球​员,468.02833333333325,16,17,7,17,17,13,7,16,7,12,17,17,10,15,15,8,16,16,15,14,10,17,16,18,17,9,17,16,15,8,14,17,18,16,15,19,15,16,16
米洛斯·克尔克兹 - 选​择球​员,435.68666666666667,13,14,13,7,14,9,11,13,15,8,7,14,8,10,12,14,17,13,14,7,16,12,16,16,17,16,14,13,16,10,15,16,14,13,15,15,13,13,13
恩佐·费尔南德斯 - 选​择球​员,418.64666666666665,17,13,10,14,16,12,8,13,14,15,14,16,13,16,14,10,16,13,16,13,15,18,15,17,15,13,14,14,12,10,13,16,16,13,12,17,16,13,17
罗梅罗·拉维亚 - 选​择球​员,426.605,14,7,10,5,15,5,5,13,14,11,8,15,7,11,14,11,16,12,13,12,15,14,16,14,16,12,14,15,14,9,15,14,15,15,15,14,12,13,13
若昂·佩德罗 - 选​择球​员,435.5166666666666,14,12,6,18,14,11,6,15,7,11,13,15,11,12,15,7,16,13,13,11,15,14,14,15,15,12,14,15,15,11,14,14,14,13,14,14,14,15,15
图辛·阿德拉比亚尤 - 选​择球​员,423.2325,13,8,13,10,13,8,11,12,14,6,9,13,14,9,13,13,13,13,12,10,9,13,12,8,14,12,13,13,14,17,14,14,14,13,14,15,11,10,13
特雷沃赫·查洛巴赫 - 选​择球​员,441.02000000000004,12,11,14,6,13,6,6,10,16,10,8,14,13,9,12,14,15,14,16,8,12,12,15,8,15,13,14,14,16,15,15,14,14,13,15,15,17,15,14
里斯·詹姆斯 - 选​择球​员,447.4158333333333,12,16,13,12,15,13,9,11,15,14,12,14,14,11,12,15,16,16,17,15,16,11,15,12,17,18,13,16,15,10,15,15,19,20,14,12,16,15,16
科尔·帕尔默 - 选​择球​员,451.6,15,16,6,20,18,13,3,17,8,15,18,19,8,15,16,8,13,12,18,7,8,16,11,13,10,8,15,19,15,13,15,17,16,9,15,13,18,15,9
列维·科尔威尔 - 选​择球​员,437.46666666666664,16,7,14,7,15,3,12,11,15,3,5,14,15,2,6,15,15,16,15,13,12,12,12,11,13,12,13,16,15,15,15,14,15,16,15,14,11,7,10
利亚姆·德拉普 - 选​择球​员,456.53333333333325,12,8,6,15,13,4,10,14,8,8,13,13,10,11,14,7,15,11,11,7,17,9,13,14,16,15,13,13,16,13,17,13,13,16,17,14,14,12,14
罗伯托·桑切斯 - 选​择球​员,376.58000000000004,11,2,1,3,13,5,2,3,3,8,2,11,1,1,9,12,9,10,12,7,8,11,12,2,10,15,11,14,13,18,14,12,12,16,12,12,10,9,11
佩德罗·内托 - 选​择球​员,426.89416666666665,13,14,5,10,16,13,3,18,5,11,13,13,7,13,16,6,16,10,12,7,11,11,11,13,15,11,9,12,16,7,16,12,11,7,16,14,14,12,14
泰迪·沙曼·洛 - 选​择球​员,279.36333333333334,8,2,3,1,3,5,1,2,2,9,2,8,2,2,3,11,10,9,11,7,10,10,10,1,13,11,10,10,8,14,17,11,8,8,5,12,11,8,11
韦斯莱·福法纳 - 选​择球​员,440.44666666666666,12,6,15,9,14,7,7,12,15,4,7,12,16,5,10,15,13,13,16,10,12,12,13,12,16,13,14,14,15,16,16,16,10,15,16,11,15,15,12
伯诺瓦·巴迪亚什勒 - 选​择球​员,438.1025000000001,13,5,15,7,12,3,8,9,15,4,6,13,17,7,9,14,13,12,14,11,10,11,14,6,15,15,14,16,14,17,16,15,15,16,15,15,13,13,14
圣马洛·古斯托 - 选​择球​员,422.74916666666667,12,15,12,6,13,6,10,10,13,6,6,12,10,9,12,11,17,9,14,8,13,11,17,14,14,14,12,12,17,10,16,15,12,12,16,15,11,11,10
马克·库库雷利亚 - 选​择球​员,431.1241666666666,13,13,12,7,14,10,12,11,14,7,12,14,6,8,10,8,18,14,15,13,18,14,15,15,18,16,16,12,16,8,14,16,14,12,14,13,16,14,14
菲利普·约根森 - 选​择球​员,370.13916666666677,13,2,3,2,12,6,2,3,3,9,1,14,8,1,3,16,12,9,10,8,5,8,14,3,7,14,11,9,12,15,15,15,10,16,12,15,10,7,11
米哈伊洛·穆德利克 - 选​择球​员,428.58916666666664,14,13,7,13,11,11,5,14,5,11,9,12,5,10,16,11,12,11,10,8,6,11,11,11,11,12,9,11,17,6,18,12,12,15,18,10,12,14,8
莫伊塞斯·卡伊塞多 - 选​择球​员,442.0199999999999,15,8,13,8,14,5,4,14,18,8,11,14,9,12,14,16,20,15,16,12,15,14,17,13,14,15,15,15,16,9,15,20,12,14,14,18,14,12,10
安德雷伊 - 选​择球​员,407.59916666666663,14,9,14,9,14,8,9,13,14,9,11,13,14,12,15,13,14,13,13,10,13,13,15,12,13,13,13,12,13,12,16,14,13,13,13,14,16,14,11
杰米·拜诺·吉滕斯 - 选​择球​员,430.1716666666666,11,11,7,12,16,11,6,16,7,11,11,13,6,13,16,7,11,10,10,3,10,10,11,12,12,9,12,11,17,7,16,12,12,10,17,10,13,13,8
亚历杭德罗·加尔纳楚 - 选​择球​员,446.5683333333334,12,12,4,14,14,8,3,16,5,10,13,14,5,12,16,6,14,10,8,4,15,9,10,14,14,14,11,13,17,8,16,15,14,10,17,14,11,13,14
乔雷尔·哈托 - 选​择球​员,402.1991666666666,12,12,13,5,14,10,4,10,13,10,7,13,12,12,12,14,13,12,13,14,7,11,16,11,14,14,11,12,14,12,12,14,15,13,14,15,12,13,11
埃斯特维尼奥 - 选​择球​员,411.80999999999995,14,15,5,11,17,12,3,18,5,11,13,14,8,10,16,5,12,10,12,4,8,14,9,13,10,8,14,11,16,7,15,11,15,6,15,9,11,10,10
埃米利亚诺·马丁内斯 - 选​择球​员,375.0783333333333,12,3,3,2,12,5,3,2,1,9,2,11,5,2,8,12,13,12,13,13,7,7,14,11,16,16,15,13,11,13,18,12,13,12,12,13,14,15,18
尤里·蒂耶勒曼斯 - 选​择球​员,392.6408333333334,18,13,12,14,17,11,3,13,12,12,12,16,11,14,15,13,13,12,15,12,13,18,14,14,13,11,15,15,12,8,12,13,12,11,12,15,16,12,13
利昂·贝利 - 选​择球​员,431.70916666666665,13,14,4,12,14,13,9,14,7,10,14,13,7,14,17,8,10,10,9,8,13,13,11,13,15,12,16,10,16,11,13,13,10,9,16,12,11,15,12
道格拉斯·路易斯 - 选​择球​员,393.72833333333335,14,13,13,15,15,16,9,13,14,12,13,14,12,13,15,13,13,12,13,13,13,14,14,14,13,12,14,16,12,11,12,13,14,13,12,15,11,12,10
罗斯·巴克利 - 选​择球​员,413.21250000000003,16,11,6,12,16,13,9,16,8,14,12,16,12,15,15,12,14,12,12,13,9,15,13,12,12,11,14,12,13,12,11,12,14,15,13,12,8,12,13
塔米·亚伯拉罕 - 选​择球​员,430.1125,13,8,6,14,14,5,7,13,8,9,13,14,15,10,13,8,15,13,12,12,14,13,16,15,16,14,13,12,13,16,14,13,14,15,14,13,12,14,10
杰登·桑乔 - 选​择球​员,416.4291666666667,16,13,6,10,17,13,6,16,7,12,9,16,6,10,17,8,13,12,15,8,7,16,14,14,6,7,14,16,15,8,15,12,14,8,14,12,12,12,10
莫甘·罗杰斯 - 选​择球​员,444.3016666666667,14,12,9,5,16,10,4,17,9,12,14,13,8,16,18,9,13,11,10,8,10,13,12,13,17,10,13,13,15,11,15,13,17,14,16,14,11,11,14
伊恩·马特森 - 选​择球​员,425.8408333333332,14,14,12,11,15,12,12,13,13,13,13,14,9,11,14,13,15,11,13,7,14,13,15,13,14,13,14,14,16,9,13,14,13,10,16,14,14,13,12
泰伦·明斯 - 选​择球​员,433.83250000000004,15,10,14,2,13,9,12,13,15,5,6,12,16,9,12,14,14,13,12,16,15,12,15,13,16,16,13,14,15,15,13,14,13,15,14,16,13,13,14
奥利·沃特金斯 - 选​择球​员,437.91666666666663,13,12,6,14,13,8,5,13,7,7,15,13,15,12,13,9,19,12,12,13,10,12,17,16,16,15,15,11,15,13,13,17,12,15,14,18,13,14,14
埃兹里·康萨 - 选​择球​员,434.18583333333345,14,7,14,4,15,4,7,13,16,3,5,14,15,3,10,15,16,14,14,14,13,14,15,10,13,14,15,16,15,14,12,15,14,14,14,15,16,13,13
马蒂·卡希 - 选​择球​员,414.79583333333335,13,13,11,8,14,10,17,13,14,10,12,14,12,13,11,12,16,11,13,9,16,12,16,15,15,14,16,13,14,10,14,15,13,13,14,15,13,10,12
哈维·埃利奥特 - 选​择球​员,402.07666666666665,15,15,9,12,16,13,7,14,10,12,9,16,7,11,14,10,16,15,13,10,14,15,17,16,16,13,14,16,13,6,13,14,16,9,12,13,11,13,14
马尔科·比佐特 - 选​择球​员,353.08166666666665,11,3,1,2,9,6,2,6,3,9,1,10,7,3,10,13,13,12,11,13,6,9,11,8,14,15,11,12,10,14,17,11,13,13,10,13,15,13,15
布巴卡尔·卡马拉 - 选​择球​员,442.55749999999995,15,8,15,7,15,6,5,13,16,6,6,14,14,10,10,17,16,14,15,9,12,13,16,13,13,14,18,17,14,14,15,16,15,13,15,16,15,13,12
约翰·麦吉恩 - 选​择球​员,427.5175,14,12,10,10,14,13,9,14,12,10,14,13,13,13,13,13,17,13,11,15,15,12,17,13,16,15,14,12,14,9,16,15,14,16,14,17,13,15,13
埃米利亚诺·布恩迪亚 - 选​择球​员,402.93166666666673,15,13,8,12,16,14,12,15,12,15,14,15,12,12,18,9,16,10,13,11,16,16,13,12,16,16,13,13,13,10,13,13,12,9,13,14,12,14,12
波·托雷斯 - 选​择球​员,419.23583333333335,16,8,14,8,15,7,7,12,16,5,6,14,16,7,5,15,15,14,14,12,12,13,14,6,13,14,14,15,12,17,15,16,10,16,13,14,15,12,10
卢卡斯·迪涅 - 选​择球​员,420.44166666666666,15,16,11,6,14,13,15,13,13,16,8,14,12,13,10,13,15,13,14,9,13,13,14,15,16,15,14,15,15,8,14,16,13,12,14,15,14,15,14
阿曼杜·奥纳纳 - 选​择球​员,451.2616666666667,14,9,12,9,14,7,8,14,15,9,10,14,16,13,14,14,14,12,13,12,15,14,12,13,14,14,12,15,14,16,15,15,15,15,17,14,13,15,13
维克托·林德洛夫 - 选​择球​员,408.64833333333337,14,10,15,12,14,3,10,12,14,6,7,14,15,4,7,15,13,13,14,11,8,12,14,6,12,9,14,13,13,14,13,16,13,13,13,16,13,15,13
安德烈斯·加西亚 - 选​择球​员,405.1466666666667,13,13,10,8,13,8,9,13,12,9,9,13,9,12,14,10,14,10,10,6,12,11,14,13,13,10,13,12,14,10,15,13,11,12,15,13,13,12,13
约翰·鲁迪 - 选​择球​员,288.12333333333333,9,3,3,3,9,1,3,1,3,1,1,8,1,2,3,11,5,12,10,16,6,8,12,6,17,14,12,12,6,14,17,12,11,14,8,12,13,13,15
乔林顿 - 选​择球​员,446.9908333333333,13,11,7,11,14,7,6,16,15,8,11,15,16,10,14,14,20,13,15,12,17,13,19,14,15,20,15,14,13,15,13,18,15,19,14,13,15,14,13
布鲁诺 - 选​择球​员,429.24083333333334,18,12,13,11,18,11,5,16,14,12,12,18,10,11,15,16,16,15,15,16,18,17,15,14,16,16,16,18,13,12,13,17,17,14,11,15,15,15,14
基兰·特里皮尔 - 选​择球​员,400.91583333333335,16,15,14,5,16,15,11,11,14,16,9,15,11,12,8,14,17,12,14,16,12,16,17,15,15,13,15,15,12,9,12,14,14,13,12,16,15,15,13
哈维·巴恩斯 - 选​择球​员,418.7683333333333,11,14,6,8,14,11,4,15,7,11,14,14,8,14,15,4,12,12,12,7,9,13,12,12,12,11,12,13,15,10,14,13,13,12,15,13,12,12,11
乔·维洛克 - 选​择球​员,424.25916666666666,13,11,8,9,13,7,4,13,10,10,12,13,7,11,15,9,16,13,12,4,10,14,16,16,13,12,14,13,17,8,13,14,13,12,14,14,13,13,13
安东尼·戈登 - 选​择球​员,451.2483333333333,13,14,8,12,14,12,5,17,11,12,13,14,7,12,15,9,16,12,13,9,13,14,15,16,17,13,14,15,17,11,14,15,15,10,17,12,12,8,12
安东尼·伊兰加 - 选​择球​员,450.49,11,10,1,10,14,10,2,13,6,11,13,12,7,11,16,10,14,10,8,4,12,8,14,12,14,9,11,10,18,10,15,15,11,13,18,15,12,14,12
蒂诺·利夫拉曼托 - 选​择球​员,437.53083333333325,13,13,11,7,14,7,11,15,14,7,9,13,12,5,12,14,15,13,14,10,12,12,15,12,15,15,14,13,16,11,14,14,13,13,16,14,16,12,15
内森·卡莱恩 - 选​择球​员,309.6041666666667,11,8,10,7,13,8,3,7,11,8,8,9,8,12,5,12,14,10,11,9,11,12,10,9,10,9,10,9,10,8,9,9,6,5,11,8,14,1,11
马克·吉莱斯皮 - 选​择球​员,312.4175,9,2,1,2,11,3,2,2,1,1,1,8,9,3,5,11,11,11,12,7,9,8,7,9,11,13,10,10,9,12,15,14,9,13,9,13,13,13,11
丹·伯恩 - 选​择球​员,396.8983333333333,13,9,15,5,12,7,13,9,16,4,9,12,15,4,8,16,17,13,12,15,15,10,17,9,16,17,15,13,10,19,12,15,8,17,12,12,15,12,12
雅各布·墨菲 - 选​择球​员,416.8266666666667,12,15,10,5,13,12,5,15,10,13,11,14,4,12,13,10,18,11,12,9,9,12,13,13,15,10,13,12,15,7,15,11,13,11,16,13,13,7,11
尼克·波普 - 选​择球​员,347.4908333333333,8,1,3,3,7,6,1,3,3,9,1,6,3,1,4,15,15,12,11,10,8,6,15,2,14,14,15,9,9,18,18,10,12,13,9,10,15,13,13
亚伦·拉姆斯代尔 - 选​择球​员,332.87666666666667,13,2,1,3,13,4,1,2,3,5,1,13,7,3,10,13,11,13,13,12,12,14,15,9,17,15,14,13,9,15,9,13,13,16,8,11,14,13,14
雅各布·拉姆塞 - 选​择球​员,424.34666666666664,13,11,10,9,14,8,7,16,10,7,14,14,9,12,13,11,14,12,13,8,9,13,14,14,15,16,14,15,15,11,15,14,13,13,14,15,12,14,10
斯文·博特曼 - 选​择球​员,412.195,14,8,16,4,13,8,9,10,16,5,6,13,15,6,8,16,15,15,15,13,10,11,16,9,15,17,15,15,12,15,13,15,14,17,12,12,16,11,11
桑德罗·托纳利 - 选​择球​员,425.22416666666663,16,13,13,12,15,14,9,14,15,13,9,16,9,12,12,16,19,15,15,13,15,14,19,13,16,16,15,16,13,9,14,16,15,14,13,14,15,14,14
约阿内·维萨 - 选​择球​员,432.6833333333333,13,11,6,13,14,10,8,13,8,10,15,14,13,12,13,8,15,14,13,10,13,12,14,16,14,14,15,15,16,11,14,14,12,12,14,14,15,15,13
尼克·沃特梅德 - 选​择球​员,439.20666666666665,14,8,8,16,16,6,6,16,9,12,15,16,14,12,16,8,14,12,13,13,13,15,15,13,16,13,14,13,12,17,15,13,18,15,13,12,14,16,14
马利茨基·希奥 - 选​择球​员,417.7491666666667,12,8,15,9,13,5,14,9,15,4,7,13,15,7,7,14,13,14,14,12,15,12,14,8,16,12,14,14,12,16,14,14,14,16,14,15,12,13,14
埃米尔·克拉夫斯 - 选​择球​员,416.10333333333324,12,13,14,7,13,8,10,11,14,9,7,11,13,10,8,13,15,13,13,10,11,14,13,12,13,15,13,12,14,13,14,14,15,13,15,12,14,11,13
法比安·沙尔 - 选​择球​员,402.4658333333333,16,9,16,14,13,6,8,12,16,12,11,15,15,12,9,15,12,14,12,11,17,15,16,9,12,15,15,16,11,14,14,13,12,15,12,12,15,14,14
刘易斯·霍尔 - 选​择球​员,414.8241666666666,13,15,12,15,13,12,10,14,14,13,10,14,10,11,11,13,15,13,13,10,10,13,15,11,15,14,13,15,14,9,14,14,13,13,14,13,15,14,15
刘易斯·迈利 - 选​择球​员,413.8116666666666,14,12,12,10,13,13,8,13,13,10,11,14,13,12,12,13,16,13,13,8,13,13,15,13,14,15,14,14,14,13,15,12,13,12,13,15,14,13,14
马塔·萨尔 - 选​择球​员,419.37416666666667,13,7,12,9,13,7,8,13,13,8,9,14,10,10,13,14,14,15,12,10,11,12,14,13,16,16,16,15,14,12,11,16,15,14,13,14,12,13,16
伊夫·比索玛 - 选​择球​员,429.1741666666667,14,11,14,13,15,8,7,16,17,13,9,14,12,13,14,14,14,10,10,11,13,10,15,12,14,14,12,15,16,12,12,16,13,15,14,14,8,13,11
穆罕默德·库杜斯 - 选​择球​员,423.0908333333333,13,14,7,13,16,15,11,16,6,14,12,14,9,10,16,7,13,11,10,6,15,12,14,13,13,14,13,12,15,8,14,14,15,16,14,14,11,8,10
罗德里戈·本坦库尔 - 选​择球​员,410.695,13,10,14,8,14,10,7,14,15,12,10,15,12,11,11,14,15,13,12,10,16,14,15,10,12,13,13,12,12,13,13,15,15,14,13,14,13,11,17
克里斯琴·罗梅罗 - 选​择球​员,435.26333333333326,14,6,14,8,14,5,4,9,18,4,8,13,15,5,8,16,17,15,13,15,20,11,14,6,16,15,18,16,14,14,13,14,14,15,14,15,12,16,12
理查列森 - 选​择球​员,420.21666666666664,11,11,6,12,13,10,8,11,12,9,13,10,17,11,14,10,16,12,10,9,15,10,13,10,14,16,12,10,15,11,15,16,12,13,15,11,10,11,13
本·戴维斯 - 选​择球​员,400.60749999999996,14,12,13,10,13,11,11,12,15,13,8,13,15,7,9,13,16,11,14,12,13,12,15,13,15,18,15,13,12,12,13,16,13,14,13,14,14,10,12
詹姆斯·麦迪逊 - 选​择球​员,410.40583333333336,16,14,7,14,17,12,4,16,11,16,14,15,5,14,16,11,14,12,11,12,8,15,13,13,15,12,13,15,13,8,13,13,17,10,13,15,8,12,14
布兰登·奥斯丁 - 选​择球​员,360.07416666666666,11,2,2,2,11,4,3,3,2,7,3,11,1,3,2,15,12,14,11,11,9,9,12,13,8,14,12,11,11,14,9,13,11,13,12,13,13,11,11
康纳·加拉格尔 - 选​择球​员,410.4766666666667,13,12,9,7,13,12,6,13,13,12,14,13,8,12,12,12,19,14,14,11,17,13,16,14,17,15,11,13,14,10,15,17,11,11,13,16,13,11,14
马修·克雷格 - 选​择球​员,346.8041666666667,13,9,11,6,12,7,2,10,13,7,8,12,11,7,6,11,13,10,12,9,14,12,11,11,12,12,14,12,11,11,12,15,10,9,10,15,11,8,10
多米尼克·索朗克 - 选​择球​员,425.5191666666666,11,10,7,14,14,5,7,10,8,8,15,15,13,10,12,9,19,12,13,5,13,11,15,14,12,13,16,15,14,14,13,16,13,14,14,17,12,12,11
泰德·斯宾塞 - 选​择球​员,419.9241666666666,10,12,13,6,10,6,10,10,15,6,11,10,7,7,13,12,12,14,11,7,11,11,12,13,10,11,15,14,17,12,11,15,12,13,15,13,12,12,13
米基·范德文 - 选​择球​员,471.8491666666667,13,11,14,6,13,3,14,13,16,3,7,12,13,7,13,14,15,13,15,14,14,12,13,10,17,16,15,13,16,15,16,13,14,15,20,16,14,14,13
古格列莫·维卡里奥 - 选​择球​员,382.15749999999997,12,1,3,3,8,5,2,3,1,7,2,7,8,2,9,14,11,15,12,14,10,11,12,8,16,15,14,15,12,16,14,15,13,13,12,13,12,12,13
德扬·库鲁舍夫斯基 - 选​择球​员,441.5633333333333,15,13,4,11,16,11,4,16,7,9,14,17,7,11,15,6,17,12,14,12,7,14,17,15,15,8,15,14,13,12,14,18,17,17,14,14,14,14,15
伊诺马·德斯特尼·乌多吉 - 选​择球​员,437.86250000000007,14,13,11,10,13,7,12,13,13,7,11,12,12,10,12,13,15,14,12,8,10,12,14,13,14,12,13,14,16,13,16,16,14,14,16,14,11,13,13
兰德尔·科洛 - 选​择球​员,452.88999999999993,12,9,5,15,15,7,6,11,6,8,15,15,13,10,16,6,11,12,13,10,14,12,11,12,15,12,14,13,17,14,15,14,14,13,16,16,13,14,15
若奥·帕尔辛哈 - 选​择球​员,427.55749999999995,12,8,14,12,12,6,8,11,19,8,8,12,15,13,8,16,19,16,13,13,18,11,16,9,19,19,16,12,11,16,15,16,16,16,13,15,16,12,12
拉杜·德拉古辛 - 选​择球​员,423.6783333333334,13,12,15,6,13,6,10,10,15,6,6,14,16,6,10,15,12,12,11,11,14,10,11,9,14,13,13,11,14,15,16,15,14,17,14,14,13,12,13
佩德罗·波罗 - 选​择球​员,428.19083333333333,14,13,12,12,15,13,11,15,12,13,11,15,8,14,17,11,13,11,11,8,15,15,12,15,16,17,11,12,16,8,14,15,13,12,15,17,13,14,14
哈维·西蒙斯 - 选​择球​员,427.9816666666667,16,11,8,13,16,13,5,17,9,13,12,16,9,14,16,9,13,12,12,10,15,15,13,13,17,12,13,14,15,10,15,15,12,10,14,15,13,16,12
凯温·丹索 - 选​择球​员,438.44083333333333,13,7,14,10,10,5,17,8,13,5,10,12,15,7,7,15,15,12,13,10,13,8,12,13,15,15,14,11,14,17,15,13,14,15,16,16,14,13,13
安顿尼·金斯基 - 选​择球​员,338.39916666666664,15,3,6,5,8,3,3,4,6,5,3,11,5,2,13,13,7,13,13,11,5,10,12,2,15,13,12,13,10,14,13,8,12,14,9,12,13,14,15
马蒂斯·特尔 - 选​择球​员,423.52,12,11,7,14,14,11,6,14,7,12,13,13,12,12,15,7,14,10,10,11,10,11,13,12,16,11,13,11,15,12,14,13,11,13,15,15,11,14,10
卢卡斯·伯格瓦尔 - 选​择球​员,431.49249999999995,15,9,10,8,15,16,15,15,10,16,9,17,10,11,13,8,15,12,12,10,12,13,14,13,18,11,11,16,16,12,16,14,14,15,13,12,13,7,15
卢卡什·法比安斯基 - 选​择球​员,295.5225,10,1,7,3,6,3,2,1,13,7,2,7,10,2,5,14,12,16,11,10,10,9,13,4,15,12,12,15,6,13,18,9,11,12,7,13,15,15,10
托马斯·苏切克 - 选​择球​员,416.8024999999999,9,8,14,13,10,2,2,10,15,2,14,9,18,12,5,15,18,15,15,13,15,9,17,14,16,17,14,15,11,17,11,18,15,16,11,18,14,15,14
马斯·赫尔曼森 - 选​择球​员,334.5775,11,3,1,2,12,3,1,3,1,6,2,11,7,3,11,12,11,12,11,11,13,11,14,2,12,12,12,13,11,13,18,11,11,11,10,6,15,11,12
卡鲁姆·威尔逊 - 选​择球​员,400.2383333333334,13,8,4,17,13,6,4,11,7,6,15,11,12,10,11,8,17,13,15,12,10,12,15,17,15,15,15,17,13,11,11,13,13,15,11,12,12,13,12
麦克希尔·安东尼奥 - 选​择球​员,415.06,11,10,9,10,13,8,15,13,8,6,12,11,15,9,14,9,14,11,11,9,13,11,14,13,14,13,13,11,14,12,12,13,15,15,14,11,14,13,13
亚伦·比萨卡 - 选​择球​员,424.15083333333337,11,11,12,5,11,5,8,13,19,4,7,12,8,5,12,13,13,12,12,6,15,6,16,12,10,17,12,12,16,10,14,15,15,13,15,15,13,12,14
贾洛德·博文 - 选​择球​员,418.765,13,13,5,13,14,13,4,14,8,12,15,14,10,14,14,8,17,10,14,12,10,13,15,15,17,8,14,14,15,8,12,15,11,8,14,14,15,15,15
基伦·沃克·皮特斯 - 选​择球​员,403.83083333333326,12,13,11,7,13,8,5,15,14,6,10,14,8,8,11,13,15,11,12,8,12,12,15,14,14,12,12,13,14,6,15,16,14,10,14,18,14,5,14
马克斯·希尔曼 - 选​择球​员,406.2408333333334,14,11,14,2,14,4,7,13,14,10,6,13,12,7,11,14,12,12,12,6,7,13,12,11,15,9,13,13,13,15,14,13,13,11,14,11,13,13,15
科斯塔斯·马洛帕诺斯 - 选​择球​员,429.4366666666666,13,8,13,6,12,2,16,12,15,2,7,11,15,11,12,12,17,10,10,12,10,12,12,10,18,14,13,12,13,16,13,12,15,16,15,13,14,13,15
科瑞森西奥·萨默维尔 - 选​择球​员,420.5058333333333,11,11,4,11,13,11,2,16,5,10,10,13,5,13,15,4,12,8,10,5,7,11,10,12,13,9,13,13,18,5,15,13,14,5,16,11,12,8,14
阿克塞尔·蒂萨西 - 选​择球​员,420.9075,12,6,14,8,11,5,9,8,15,5,6,12,16,8,6,13,14,13,13,13,13,11,13,11,14,15,14,13,13,15,14,16,17,18,14,14,12,13,12
让 - 克莱尔·托迪波 - 选​择球​员,436.2149999999999,14,5,15,5,13,3,7,12,15,4,8,13,14,8,11,14,12,14,11,11,14,12,14,7,15,14,15,14,14,14,16,14,13,16,15,17,15,15,15
亚当穆斯·特拉奥雷 - 选​择球​员,472.35249999999996,11,12,7,9,12,6,7,18,7,8,11,10,10,11,18,10,9,8,6,5,12,8,9,9,14,11,9,10,19,14,17,10,14,17,19,12,9,10,12
塔蒂·卡斯特拉诺斯 - 选​择球​员,426.1133333333333,13,10,4,14,15,4,4,12,7,12,14,14,18,12,14,8,15,12,13,10,17,13,17,15,18,15,16,12,14,13,13,13,16,13,13,15,13,12,8
马特乌斯·费尔南德斯 - 选​择球​员,404.88,15,11,10,8,16,14,6,14,14,13,10,15,9,10,14,11,16,16,14,11,14,14,16,13,15,11,14,15,12,8,15,14,14,12,12,15,14,15,17
阿方斯·阿雷奥拉 - 选​择球​员,386.97749999999996,10,2,3,3,10,4,1,2,2,8,3,10,3,12,8,13,13,14,12,10,8,9,15,8,14,13,14,15,12,15,16,15,16,13,12,15,16,12,12
巴勃罗 - 选​择球​员,415.9766666666667,11,8,9,13,12,5,4,12,13,5,14,12,13,12,12,10,17,12,13,11,19,10,14,12,18,16,15,15,12,13,12,14,16,14,13,16,13,14,15
弗雷迪·普茨 - 选​择球​员,382.7366666666666,14,6,13,9,13,13,7,7,14,12,8,12,12,8,6,14,15,14,13,9,12,11,13,11,15,10,13,13,11,12,13,16,12,13,13,16,14,13,12
索古恩图·马加撒 - 选​择球​员,389.86999999999995,13,11,14,8,11,10,6,10,14,7,7,12,14,11,10,13,13,12,12,10,14,12,14,12,13,12,13,12,12,14,13,15,13,14,12,12,12,11,15
奥利·斯卡勒斯 - 选​择球​员,384.13666666666666,12,12,13,11,12,11,7,12,12,5,11,10,6,7,8,12,13,10,12,1,10,12,13,12,13,12,11,13,13,12,13,14,12,10,13,12,10,10,11
丹尼尔·库明斯 - 选​择球​员,348.63166666666666,9,4,2,2,8,5,5,13,1,3,10,9,9,6,15,5,7,6,10,12,6,6,5,9,13,7,5,6,13,8,9,10,6,5,12,12,9,4,10
埃尔·哈吉·马利克·迪乌夫 - 选​择球​员,426.53583333333324,13,16,13,2,13,7,12,13,14,2,11,13,12,9,13,11,14,11,11,5,16,12,13,11,14,15,13,11,16,12,16,14,13,13,15,17,9,11,12
谢克·杜考雷 - 选​择球​员,396.0075,15,9,14,10,14,8,10,12,15,8,9,14,12,11,10,14,14,13,13,10,14,15,14,12,15,14,15,13,12,10,13,13,12,12,13,10,15,12,16
哈尔特·贝尼特斯 - 选​择球​员,332.195,11,1,2,3,8,3,2,3,1,2,3,6,5,3,15,15,13,14,12,14,5,10,14,12,15,15,14,13,8,15,11,13,15,14,8,16,15,16,15
博尔纳·索萨 - 选​择球​员,396.1758333333334,13,15,10,12,14,14,14,13,12,13,6,14,8,11,14,11,10,10,10,10,13,14,14,13,13,11,11,11,13,12,14,13,13,11,13,11,12,15,14
纳撒尼尔·克莱因 - 选​择球​员,377.0383333333333,11,11,14,5,13,5,11,10,14,6,5,11,10,4,8,14,15,14,12,11,14,11,15,11,12,14,13,13,12,9,10,13,12,12,12,12,12,14,13
埃迪·恩凯提亚 - 选​择球​员,423.0325,12,12,7,14,14,6,6,13,7,5,14,12,14,9,15,9,13,11,11,7,13,11,15,14,14,12,13,14,15,9,15,14,15,11,15,14,12,12,14
泰瑞克·米切尔 - 选​择球​员,421.7699999999999,12,12,13,7,12,7,11,12,17,7,7,11,11,8,10,15,15,14,12,8,15,13,16,13,13,13,13,13,15,9,14,16,15,13,15,16,13,13,15
雷米·马修斯 - 选​择球​员,312.0025,5,3,1,5,10,3,3,3,3,1,3,8,6,1,1,12,9,9,11,9,7,9,12,5,9,12,10,12,8,15,9,14,11,13,9,10,8,7,8
威尔·休斯 - 选​择球​员,372.595,14,11,14,11,14,14,6,12,14,12,9,13,11,10,11,14,16,13,14,14,16,14,15,13,15,15,15,14,9,13,11,14,12,13,11,12,15,13,13
迪安·汉德森 - 选​择球​员,370.295,11,2,1,2,11,1,3,1,3,1,2,11,7,3,13,15,11,14,13,12,15,8,13,13,15,14,14,13,12,14,10,12,12,11,11,14,14,18,14
布伦南·约翰逊 - 选​择球​员,425.60749999999996,10,11,7,14,11,10,6,10,6,11,16,11,8,11,12,7,12,10,10,8,7,11,13,17,12,8,14,14,16,12,16,13,14,10,15,13,11,14,14
镰田大地 - 选​择球​员,387.21333333333337,13,12,10,14,14,14,4,13,12,13,12,14,7,13,13,12,13,12,12,7,12,13,14,13,12,11,12,12,12,11,14,13,13,10,13,14,13,13,12
伊斯马里亚·萨尔 - 选​择球​员,442.49583333333334,12,11,6,13,12,10,6,15,7,10,14,13,10,12,14,7,14,10,11,6,9,12,12,14,12,12,13,13,15,14,16,14,14,13,17,15,12,14,10
简菲力浦·马特塔 - 选​择球​员,441.60166666666663,11,8,9,16,13,6,4,14,7,8,15,14,14,9,14,11,14,12,12,11,15,10,14,14,13,14,13,12,14,16,16,14,14,16,15,14,14,14,10
马克森斯·拉克鲁瓦 - 选​择球​员,442.09083333333336,12,7,15,6,12,3,7,11,14,3,7,12,15,6,12,14,14,12,13,13,16,12,13,8,16,16,15,12,15,15,14,12,14,15,17,15,14,11,11
艾万·古伊桑德 - 选​择球​员,426.4816666666666,12,10,5,12,13,7,4,13,8,6,13,14,12,13,14,10,14,11,13,7,12,12,14,14,15,14,13,11,15,14,14,14,14,13,14,15,13,13,12
约根·斯特兰德·拉尔森 - 选​择球​员,428.1941666666666,13,6,8,12,14,5,6,13,7,6,14,12,14,12,14,8,14,14,13,8,13,13,15,16,12,14,14,13,13,16,16,13,15,16,14,13,12,11,6
叶雷米·皮诺 - 选​择球​员,410.74833333333345,15,13,8,12,16,13,9,15,9,13,12,15,9,12,16,8,10,13,13,7,12,14,10,10,14,10,13,13,14,7,14,13,14,9,14,13,10,14,16
克里斯托弗·理查兹 - 选​择球​员,427.0199999999999,11,9,13,6,12,4,16,10,14,4,6,12,15,6,9,14,14,15,12,12,15,11,14,11,15,17,14,10,14,15,15,14,13,15,15,13,14,13,14
赫费尔松·莱尔马 - 选​择球​员,402.3783333333334,12,9,13,9,12,9,15,11,14,9,7,12,15,10,9,13,15,14,12,9,15,11,13,11,15,16,14,12,13,14,13,14,14,14,12,15,11,14,12
丹尼尔·穆尼奥斯 - 选​择球​员,428.76583333333326,12,13,13,8,12,10,9,14,13,9,10,14,13,12,13,13,18,12,12,12,16,11,15,13,15,15,14,12,15,13,15,17,13,13,14,18,14,13,10
克雷格·法夸尔 - 选​择球​员,358.48416666666674,9,3,12,3,11,2,6,7,13,5,5,10,13,3,3,9,10,11,10,7,5,6,7,10,8,10,11,9,12,15,11,12,9,12,10,13,9,9,13
亚当·沃顿 - 选​择球​员,396.66166666666663,16,13,12,10,15,13,2,13,12,13,7,15,9,9,14,12,15,13,15,7,14,16,15,13,14,12,14,15,13,11,11,13,13,12,12,14,15,12,12
乍迪·雷亚德 - 选​择球​员,412.8325000000001,12,7,13,7,13,5,9,12,13,5,6,12,14,7,7,14,14,12,13,10,14,11,15,8,14,14,13,10,13,15,10,13,14,13,14,14,12,15,13
杰迪·坎沃特 - 选​择球​员,401.9241666666667,12,7,14,7,12,6,6,10,13,6,8,13,13,8,9,12,13,12,11,8,12,11,13,11,14,13,12,11,13,15,14,14,14,13,13,14,12,10,13
埃基克·乌切 - 选​择球​员,428.5225000000001,12,9,9,13,12,7,11,11,10,6,11,11,12,10,13,10,13,13,11,10,16,11,13,11,16,14,13,12,15,14,14,14,14,14,15,16,13,12,13
贝特兰德·特拉奥雷 - 选​择球​员,410.7758333333333,12,12,6,10,14,13,4,14,5,14,13,15,12,13,17,5,14,9,11,7,8,11,8,13,13,10,11,8,15,10,14,13,10,12,15,12,7,12,13
雷尼尔多 - 选​择球​员,416.06166666666667,12,12,15,5,12,8,9,12,15,8,8,12,13,8,8,17,17,16,13,6,16,11,17,13,17,17,14,13,14,11,12,16,11,12,14,14,16,13,14
伊恩·波韦达 - 选​择球​员,387.93083333333334,11,11,3,4,14,9,3,16,4,12,10,13,6,10,16,6,11,10,8,4,7,10,9,12,7,7,10,11,15,6,14,11,15,7,14,7,5,6,9
丹尼尔·巴拉德 - 选​择球​员,414.22666666666663,12,4,15,7,11,3,6,8,14,5,6,13,18,8,9,13,15,14,11,14,16,9,16,7,15,16,13,14,12,16,12,15,11,17,14,12,15,13,13
杰克·钻石 - 选​择球​员,396.8808333333333,9,9,8,11,12,9,5,14,6,7,10,10,6,9,15,8,15,9,7,5,8,8,5,11,11,11,10,11,14,8,14,12,11,9,14,15,7,8,7
丹尼斯·瑟钦 - 选​择球​员,402.4908333333334,15,12,14,8,13,10,9,14,13,5,10,13,12,10,8,12,15,12,13,10,13,9,13,13,14,14,12,13,14,10,13,14,12,11,13,14,13,14,13
罗曼·蒙德勒 - 选​择球​员,406.4666666666666,10,12,11,9,12,10,5,15,11,11,12,12,6,12,14,10,14,9,12,8,14,13,9,11,14,10,12,11,14,9,16,12,15,13,14,14,8,11,16
西蒙·摩尔 - 选​择球​员,317.84916666666663,9,3,3,6,8,4,1,3,7,5,2,7,7,3,9,13,10,10,10,10,9,6,10,1,13,14,11,10,7,16,13,13,13,14,8,12,9,12,10
卢克·奥尼恩 - 选​择球​员,385.81583333333333,14,9,13,8,11,7,3,10,13,7,10,12,14,7,9,14,15,13,10,15,14,10,15,10,15,16,14,14,11,11,15,15,11,12,12,17,13,12,13
卢特沙瑞尔·海特勒伊达 - 选​择球​员,407.0366666666667,14,11,13,12,13,8,13,12,13,8,8,13,14,9,10,13,15,13,12,13,12,13,16,12,15,14,13,14,13,13,13,14,15,14,13,14,13,14,12
布雷恩·布洛贝 - 选​择球​员,423.1408333333333,11,6,5,10,14,7,4,11,4,12,13,13,12,12,15,5,17,12,15,8,6,11,14,14,14,17,13,12,14,12,12,14,16,18,14,14,12,13,13
罗宾·罗弗斯 - 选​择球​员,367.3116666666667,7,3,2,3,13,4,1,1,2,8,1,7,5,3,11,13,12,14,12,9,13,10,13,3,15,11,10,14,13,15,15,8,12,11,12,9,20,12,10
诺尔迪·穆基勒 - 选​择球​员,430.41166666666663,13,12,14,8,13,6,16,12,15,6,7,13,13,8,10,13,16,12,12,11,16,12,15,12,15,16,15,12,14,15,15,14,15,15,15,14,13,13,12
威尔森·伊斯多尔 - 选​择球​员,404.7941666666667,11,10,5,12,14,10,6,10,9,10,15,13,12,13,13,9,12,12,11,9,9,13,9,14,10,9,13,12,15,12,15,12,12,11,15,9,12,12,8
恩佐·勒·费 - 选​择球​员,397.33916666666664,15,13,11,12,15,15,5,14,9,14,9,16,6,12,15,10,14,12,14,11,7,15,15,13,14,11,13,13,14,5,14,14,15,7,13,13,14,12,12
德赖·胡姆 - 选​择球​员,385.8025,14,14,15,6,9,14,11,11,15,13,6,14,14,9,5,13,13,12,12,14,14,12,11,13,14,14,10,14,12,11,13,13,13,14,12,14,11,13,12
奥马尔·艾德利特 - 选​择球​员,415.33166666666665,12,8,15,11,10,3,12,11,16,6,6,11,16,4,6,15,14,15,15,12,17,7,13,10,14,18,15,13,11,16,15,14,15,16,13,15,15,12,10
梅尔克·埃尔伯格 - 选​择球​员,329.915,8,3,1,2,9,3,1,1,3,8,3,7,2,3,2,10,10,11,11,7,7,8,11,2,14,12,10,11,10,16,17,9,9,10,9,11,12,8,12
格兰尼特·扎卡 - 选​择球​员,411.1616666666666,18,12,12,12,17,13,6,12,13,15,11,16,12,17,13,14,16,15,16,19,16,17,17,11,16,16,16,18,10,12,12,17,16,14,12,17,18,14,15
哈比卜·迪亚拉 - 选​择球​员,416.5825000000001,14,10,12,13,14,6,6,13,12,9,9,14,9,14,13,12,16,13,13,12,10,11,14,12,16,12,13,11,13,10,15,15,14,15,15,14,13,12,12
尼尔松·安古洛 - 选​择球​员,407.4241666666666,13,12,10,9,13,12,8,13,9,9,12,11,11,10,11,9,11,9,8,5,5,9,13,11,12,13,9,12,15,12,16,14,11,13,14,14,11,20,11
诺阿·萨迪奇 - 选​择球​员,408.77416666666664,13,13,14,11,13,8,7,14,16,8,9,12,10,10,12,14,18,13,12,11,13,12,15,13,14,14,12,12,14,9,14,15,13,14,13,14,14,12,13
彻姆斯丹·塔尔比 - 选​择球​员,407.7891666666667,13,15,9,11,14,8,12,14,8,11,13,14,9,12,15,12,15,9,11,12,9,14,12,13,10,13,12,11,15,8,16,11,10,11,15,13,12,11,12
埃利泽·马延达 - 选​择球​员,436.7733333333333,14,8,5,13,12,5,5,15,5,5,14,14,11,11,13,10,14,11,11,6,13,14,13,14,12,14,14,12,15,11,16,11,14,15,16,13,12,13,15
克里斯·雷格 - 选​择球​员,366.755,15,11,10,11,16,11,11,12,13,11,12,15,9,9,12,14,14,12,11,13,14,14,12,10,12,13,12,14,9,8,10,14,13,12,12,16,11,10,16
克里斯·伍德 - 选​择球​员,401.32416666666666,13,9,7,15,13,3,3,11,9,10,13,13,15,11,10,11,15,13,14,14,14,11,16,13,15,16,14,13,11,16,12,15,16,15,11,12,12,13,15
塔伊沃·奥沃尼伊 - 选​择球​员,438.4133333333333,11,9,4,12,14,7,5,15,4,8,16,14,14,11,13,5,13,11,9,5,14,11,11,15,13,13,13,9,16,11,14,13,16,16,15,13,10,13,10
尼古拉斯·多明戈斯 - 选​择球​员,392.2766666666667,16,11,9,9,15,5,5,11,17,6,8,15,13,11,11,14,16,13,14,12,17,16,15,13,16,16,13,13,12,11,13,17,11,11,11,15,15,14,15
马茨·泽尔斯 - 选​择球​员,373.15416666666664,10,3,2,3,9,3,1,3,1,7,2,10,8,3,1,12,9,13,11,10,13,7,11,2,15,14,12,12,11,14,18,14,14,13,12,11,16,7,12
约翰 - 选​择球​员,370.67249999999996,11,3,3,5,11,6,1,2,2,9,2,11,2,3,2,13,14,12,13,12,9,12,12,1,13,13,12,13,12,14,19,12,10,13,12,12,13,17,10
费利佩 - 选​择球​员,392.1325,13,9,14,10,10,6,10,8,14,6,8,9,14,8,8,13,14,11,11,12,14,12,14,11,13,15,13,13,12,13,12,14,15,16,13,15,12,11,9
伊戈尔·热苏斯 - 选​择球​员,423.5208333333333,12,11,6,13,14,6,7,13,7,8,15,13,14,12,11,7,15,13,13,12,11,12,14,15,13,15,14,14,14,14,12,13,15,14,13,13,13,14,13
安格斯·古恩 - 选​择球​员,315.795,11,3,1,5,12,3,1,3,1,4,1,9,4,1,1,13,9,12,12,13,8,10,10,3,15,13,13,14,9,14,16,12,12,10,7,13,11,12,14
奥拉·艾纳 - 选​择球​员,426.01416666666665,11,12,9,5,12,5,12,12,12,4,7,11,11,6,14,9,15,12,13,7,11,10,13,11,12,9,9,12,18,11,13,14,12,10,17,16,12,12,11
卡鲁姆·哈德森-奥多伊 - 选​择球​员,416.43999999999994,15,14,7,11,15,12,5,15,7,12,11,16,7,8,15,7,12,11,15,5,8,14,10,14,12,8,11,13,16,11,13,12,12,8,15,12,11,12,10
内科·威廉姆斯 - 选​择球​员,404.5083333333334,13,14,11,14,13,8,10,14,13,13,11,14,11,12,11,13,15,11,11,9,14,12,14,12,14,13,10,11,14,11,13,14,13,11,14,15,13,11,12
詹姆斯·麦卡蒂 - 选​择球​员,417.29750000000007,14,12,9,10,16,8,3,16,7,12,13,14,9,12,16,6,13,13,13,7,8,14,13,12,13,12,12,14,15,10,14,13,14,9,14,14,12,12,12
埃利奥特·安德森 - 选​择球​员,408.78833333333336,13,11,10,11,14,12,3,15,13,12,12,13,9,12,13,13,17,14,14,12,14,13,15,13,19,15,12,13,14,8,12,15,14,14,12,13,13,14,14
瑞安·耶茨 - 选​择球​员,398.87833333333333,13,10,12,4,14,7,4,10,14,10,11,12,15,9,6,14,16,13,13,15,12,13,15,13,16,15,12,13,11,14,14,16,12,14,13,15,14,14,13
莫甘·吉布斯白 - 选​择球​员,416.48333333333323,15,12,6,13,15,14,5,14,9,11,11,15,11,12,16,11,15,12,14,14,12,15,14,14,14,10,13,15,14,10,12,13,15,13,14,13,14,12,12
洛伦佐·卢卡 - 选​择球​员,432.5166666666666,11,7,6,14,13,5,8,11,7,12,15,11,17,13,12,7,12,11,14,10,15,11,11,14,16,14,15,13,12,18,15,14,16,17,14,13,11,10,9
尼科尔·撒沃纳 - 选​择球​员,416.09,13,13,14,5,13,8,14,13,13,7,10,14,13,11,5,14,15,13,11,9,12,13,15,15,9,13,15,14,14,13,12,14,13,13,14,15,14,11,13
易卜拉欣·桑加雷 - 选​择球​员,427.00749999999994,15,9,14,4,13,12,5,12,15,11,7,12,15,13,13,15,18,11,13,13,16,12,17,11,12,17,13,15,14,17,12,17,15,17,12,15,12,13,12
迪拉内·巴克瓦 - 选​择球​员,424.02333333333326,13,14,5,8,15,7,6,16,5,8,10,16,8,8,17,7,13,12,11,8,8,11,13,15,13,13,13,14,16,9,15,12,11,11,15,12,11,11,9
尼古拉·米伦科维奇 - 选​择球​员,423.8591666666668,13,8,15,6,14,5,9,8,15,6,10,11,16,5,7,14,15,13,14,11,17,11,15,8,15,15,15,12,13,17,12,13,14,16,14,16,13,12,13
丹·恩多耶 - 选​择球​员,429.495,13,11,3,10,14,6,5,15,10,4,11,14,6,10,14,10,14,12,12,8,13,11,13,13,14,10,14,11,17,11,13,16,11,9,16,16,12,13,11
威尔·博利 - 选​择球​员,353.80583333333334,13,4,12,5,12,2,5,10,14,3,9,11,15,9,13,14,13,11,12,13,17,11,13,9,13,14,15,13,9,16,8,11,16,17,8,9,11,13,14
斯特凡·奥尔特加 - 选​择球​员,355.3641666666667,15,3,3,4,12,4,3,1,3,8,3,13,7,3,5,11,13,12,13,13,10,13,12,5,14,12,12,13,11,14,12,12,13,13,10,14,16,15,13
卢卡·内茨 - 选​择球​员,395.59666666666664,12,14,10,11,13,14,14,12,11,12,8,13,10,10,13,10,13,10,11,8,8,12,12,13,12,11,12,12,14,12,13,14,12,12,14,12,12,12,7
奥马里·哈钦森 - 选​择球​员,408.2283333333333,13,13,7,5,16,13,1,16,10,12,13,16,5,13,16,11,16,12,11,4,12,12,12,13,14,13,12,14,15,4,16,10,14,9,14,8,13,12,15
穆里洛 - 选​择球​员,435.01583333333343,15,9,14,8,15,6,8,15,14,10,7,14,14,9,14,14,15,13,14,12,13,15,14,9,13,17,13,12,15,14,14,15,14,15,14,15,13,12,14
杰尔 - 选​择球​员,390.82,11,8,13,10,13,8,12,8,15,6,5,10,15,5,9,14,12,12,12,13,13,13,12,12,14,10,13,10,12,18,9,12,11,12,13,11,13,12,11
乔尼·豪森 - 选​择球​员,363.0616666666666,14,9,13,12,13,12,9,8,12,12,11,12,7,13,9,14,14,13,14,14,12,14,15,14,14,16,14,14,12,9,9,15,11,11,9,14,15,15,12
塞巴斯蒂安·博瑙 - 选​择球​员,417.69916666666666,12,8,14,8,11,3,10,8,13,4,7,11,16,8,7,14,16,13,11,14,16,11,13,8,16,16,14,11,12,16,12,12,15,16,15,12,12,13,12
卢卡斯·皮矣里 - 选​择球​员,373.7016666666667,10,2,1,3,10,3,3,5,2,6,3,10,9,2,5,15,14,14,12,8,11,12,12,10,14,12,14,12,11,18,12,13,13,15,11,16,10,8,10
布伦登·亚伦森 - 选​择球​员,399.10166666666663,12,10,9,12,14,12,6,14,13,10,11,13,8,9,13,9,17,10,12,8,13,11,16,17,12,16,12,9,15,8,14,18,10,5,14,18,11,10,8
山姆·布莱姆 - 选​择球​员,378.3575,11,12,13,5,12,5,13,11,13,3,7,11,13,8,9,13,13,12,12,12,11,11,13,12,13,12,12,11,12,12,12,12,12,10,13,14,13,12,12
丹尼尔·詹姆斯 - 选​择球​员,438.49666666666667,7,13,4,8,8,10,2,11,9,7,12,11,4,9,12,10,17,6,8,5,13,7,14,13,14,15,9,9,19,6,14,16,13,8,18,16,9,13,14
肖恩·朗斯塔夫 - 选​择球​员,391.98749999999995,12,11,11,11,13,15,9,12,14,11,12,13,11,11,10,15,17,14,12,15,13,12,17,15,15,18,14,13,11,11,14,18,13,12,12,15,14,13,12
乔·罗多 - 选​择球​员,425.7475,12,7,12,5,12,4,10,13,14,3,2,11,15,3,9,14,14,12,13,14,14,8,14,8,15,16,14,12,15,16,13,13,10,16,15,12,14,12,11
卢卡斯·恩梅查 - 选​择球​员,408.24000000000007,11,8,5,17,14,6,6,13,6,12,14,13,13,10,15,6,11,12,12,10,12,11,12,14,12,11,13,13,14,13,12,11,14,13,14,7,12,14,12
卡尔·达洛 - 选​择球​员,323.435,8,3,1,4,8,3,2,2,3,5,1,8,7,1,3,16,15,12,12,9,8,6,12,2,13,13,13,13,8,13,18,10,13,13,8,13,13,13,13
亚历克斯·凯恩斯 - 选​择球​员,309.01916666666665,10,2,1,3,8,2,3,2,2,4,1,8,7,3,5,9,13,10,10,10,12,11,11,5,13,10,10,13,9,10,13,13,10,10,9,15,13,10,12
多米尼克·卡尔弗特-卢因 - 选​择球​员,446.8324999999999,11,11,6,13,13,9,2,11,5,7,12,16,18,9,12,6,16,14,13,5,13,10,15,14,14,14,12,13,15,16,15,14,13,15,16,12,13,10,12
詹姆斯·查士丁 - 选​择球​员,392.55166666666656,12,12,13,6,12,9,11,13,14,9,5,12,12,8,7,15,14,11,12,11,12,11,14,10,16,12,13,12,14,10,12,14,11,12,13,12,11,10,14
伊桑·阿姆帕杜 - 选​择球​员,408.4966666666666,13,9,14,7,12,6,16,10,15,6,6,12,12,5,7,14,14,14,14,15,12,12,15,9,15,16,15,15,13,13,12,13,15,13,13,13,15,15,15
杰登·博格勒 - 选​择球​员,409.46333333333337,15,14,12,7,15,9,11,14,11,8,11,13,10,5,14,12,15,12,12,8,11,14,16,13,14,11,12,11,15,9,13,16,14,11,14,15,12,10,12
乔尔·皮卢 - 选​择球​员,364.3616666666667,13,10,5,15,15,7,4,12,6,12,16,15,10,15,14,5,12,11,15,6,8,13,13,15,12,11,14,16,8,12,14,12,14,14,11,10,10,10,16
帕斯卡尔·斯特卢吉克 - 选​择球​员,403.02000000000004,15,10,14,14,13,3,8,11,15,3,8,12,17,6,8,14,13,12,12,13,13,13,14,11,13,14,13,14,12,16,12,13,13,14,13,14,9,12,10
德格南·威尔弗里德·格农 - 选​择球​员,424.5458333333333,11,11,3,10,15,6,2,13,5,5,13,14,8,9,15,8,12,13,8,5,14,10,14,14,15,12,12,11,16,5,15,11,18,14,14,17,10,13,9
田中碧 - 选​择球​员,400.54499999999996,15,10,12,11,15,12,6,12,12,12,11,15,8,12,12,12,15,12,14,12,13,15,16,14,15,14,13,15,12,10,15,15,12,10,13,14,16,16,16
伊兰·梅斯里尔 - 选​择球​员,329.2425,10,3,2,3,12,3,1,2,1,7,2,10,9,3,6,12,12,12,11,8,12,10,12,4,12,14,13,13,9,17,15,13,12,8,9,15,8,13,9
查卡·比约尔 - 选​择球​员,417.79499999999996,12,7,14,7,11,4,9,7,15,6,9,12,18,9,7,14,14,15,14,14,16,8,15,8,15,13,15,13,12,16,13,13,14,18,13,17,15,11,14
安东·施塔赫 - 选​择球​员,423.95750000000004,13,11,12,12,12,14,7,12,16,15,8,12,12,13,12,14,16,12,12,13,16,12,16,10,17,16,18,12,12,16,13,16,14,16,13,15,16,14,16
爱利亚·格鲁耶夫 - 选​择球​员,393.29916666666657,14,11,14,11,15,14,6,9,14,14,7,14,11,12,10,15,15,13,13,11,14,14,16,13,16,15,15,14,11,14,14,15,13,12,12,13,14,12,15
加百列·古德蒙松 - 选​择球​员,422.4358333333334,13,13,8,6,15,9,5,15,12,7,10,13,9,12,13,12,14,10,11,8,9,8,14,13,12,10,13,10,16,10,16,14,17,11,15,11,13,7,11
诺亚·奥卡福尔 - 选​择球​员,423.14,12,11,5,10,14,4,8,14,7,5,14,13,9,12,13,6,12,12,12,8,12,11,13,14,12,12,14,13,15,12,16,11,13,13,15,12,13,11,7
法坤多·博纳诺特 - 选​择球​员,397.97249999999997,14,12,9,13,14,13,8,15,11,12,13,14,9,14,14,8,14,13,11,10,13,14,13,14,13,13,11,12,14,7,13,13,16,10,12,13,12,13,9
杰克逊·泰奇奥瓦 - 选​择球​员,420.4516666666667,10,11,9,5,12,10,10,12,12,5,6,12,7,8,14,10,12,11,11,6,12,10,13,12,12,10,12,11,15,10,15,13,13,12,18,15,11,14,12
若昂·戈麦斯 - 选​择球​员,410.6,14,10,14,10,13,10,11,14,16,7,11,14,10,12,15,15,16,13,13,10,16,12,16,14,16,16,13,14,13,11,13,13,12,14,13,15,14,3,15
安德烈·特林达德 - 选​择球​员,406.13666666666666,14,9,14,10,13,8,9,13,14,9,10,14,11,11,12,15,14,13,14,11,13,14,14,13,14,13,14,15,13,8,16,14,14,13,13,14,14,14,12
拉迪斯拉夫·克雷伊奇 - 选​择球​员,422.7866666666667,14,9,14,14,12,7,8,12,14,9,11,12,15,14,11,12,16,15,12,14,15,10,14,8,16,16,14,14,13,15,12,15,15,15,13,12,14,14,12
山姆·约翰斯通 - 选​择球​员,330.32166666666666,9,1,2,1,9,1,3,2,1,2,1,10,7,3,4,14,10,13,12,10,9,8,13,8,15,14,12,9,10,17,12,10,10,12,8,12,13,11,8
亚当·阿姆斯特朗 - 选​择球​员,415.3191666666667,10,8,5,13,13,7,4,12,5,12,13,13,8,12,11,6,12,11,13,13,7,10,13,13,13,11,13,10,16,8,15,13,10,7,16,14,9,12,13
圣安杰洛·戈梅斯 - 选​择球​员,392.7966666666667,15,14,10,14,15,14,4,15,10,12,13,14,6,13,12,11,14,15,13,9,8,15,13,12,14,6,15,13,13,6,13,12,13,6,13,10,13,14,14
雨果·布埃诺 - 选​择球​员,397.7658333333333,13,14,12,5,13,11,3,13,10,11,9,10,10,10,14,11,15,11,12,10,15,12,12,13,15,13,12,13,13,10,14,14,14,11,14,13,11,10,9
丹尼尔·本特利 - 选​择球​员,298.5225,9,3,1,2,10,3,3,3,1,1,2,7,5,2,3,12,12,10,11,10,8,8,11,6,13,15,10,12,7,15,17,13,8,12,7,13,11,12,14
大卫·莫莱尔·伍尔夫 - 选​择球​员,401.3075,12,13,12,7,11,8,12,13,12,6,8,12,9,8,11,12,17,12,13,8,12,11,17,14,14,12,12,12,13,12,14,16,12,11,14,15,14,12,13
托卢瓦拉塞·阿罗科达 - 选​择球​员,397.27333333333326,11,7,8,10,11,5,7,11,8,9,14,12,15,12,9,13,12,13,12,8,13,11,12,12,15,12,11,13,11,18,14,13,15,18,11,12,12,12,11
让-里克纳·贝莱加尔德 - 选​择球​员,409.8233333333333,13,13,8,12,15,11,6,15,9,10,9,14,8,13,13,8,14,11,12,7,10,11,13,12,14,11,13,12,14,7,16,14,12,15,14,13,10,14,11
马特·多尔蒂 - 选​择球​员,398.22,13,12,13,8,13,7,13,14,13,10,12,13,14,10,12,14,13,13,14,13,11,13,14,16,14,13,13,13,12,13,12,13,13,14,12,15,15,12,13
若泽·萨 - 选​择球​员,333.1458333333333,9,2,1,5,8,2,1,1,3,2,3,9,8,1,5,12,10,12,13,11,13,10,15,3,15,16,15,12,9,13,11,13,12,12,9,13,10,15,15
黄喜灿 - 选​择球​员,417.21666666666664,11,10,6,12,13,8,2,14,8,8,15,10,11,10,13,9,14,12,11,10,16,12,14,13,15,13,12,13,15,11,15,13,13,11,14,13,9,11,10
耶森·莫斯克拉 - 选​择球​员,402.6441666666667,12,5,12,4,12,4,13,9,14,4,8,11,15,11,11,14,11,13,12,8,10,10,11,10,12,12,13,11,13,15,13,13,10,14,15,13,14,11,11
圣地亚哥·布埃诺 - 选​择球​员,389.2491666666666,12,9,14,8,10,4,8,8,14,5,7,12,14,9,7,14,13,14,13,6,14,9,14,6,13,13,14,12,12,14,13,14,12,13,13,11,12,9,12
图迪 - 选​择球​员,407.6566666666667,11,11,13,5,11,10,10,11,14,10,6,9,14,4,11,13,12,12,12,14,13,10,14,11,12,13,12,12,14,14,13,14,13,15,14,14,11,10,13
罗德里戈·戈梅斯 - 选​择球​员,409.13166666666666,11,11,8,11,13,9,10,14,9,10,11,12,8,8,14,7,16,15,10,8,13,14,13,13,17,16,12,8,15,7,16,13,9,8,15,12,13,6,12
佩德罗·利马 - 选​择球​员,377.7958333333334,11,14,11,1,13,10,9,13,10,8,8,13,9,7,13,11,11,10,10,7,8,11,11,14,12,9,12,11,14,7,15,13,10,7,13,14,12,8,12
马特乌斯·马内 - 选​择球​员,397.76500000000004,14,11,9,12,13,9,3,14,5,9,13,14,11,12,15,7,15,10,11,2,9,9,10,12,7,7,12,13,14,6,12,12,10,11,14,13,12,15,10
蒂莫西·卡斯塔格内 - 选​择球​员,406.53749999999997,13,14,11,5,13,8,8,12,12,6,10,12,9,8,11,12,15,12,12,9,12,11,15,13,14,11,12,12,14,13,14,15,13,11,14,12,13,14,12
罗德里戈·穆尼兹 - 选​择球​员,421.1533333333333,9,9,7,11,13,8,10,11,7,6,16,13,15,11,15,7,14,11,13,8,11,12,11,15,13,14,15,14,14,15,13,13,13,12,14,12,13,10,11
约阿希姆·安德森 - 选​择球​员,409.24083333333334,16,12,14,10,14,8,5,10,14,11,8,13,14,8,11,13,12,15,13,14,16,14,14,9,15,13,16,16,13,17,13,13,13,15,11,14,13,13,14
汤姆·凯尼 - 选​择球​员,364.5825,15,15,7,13,16,12,6,14,10,14,13,16,7,16,15,13,14,14,17,17,13,16,16,15,11,9,16,16,10,10,10,9,13,9,8,14,16,14,15
亚历克斯·伊沃比 - 选​择球​员,417.1108333333333,14,14,8,11,14,9,4,14,11,9,13,13,8,13,15,14,15,13,15,8,9,15,15,15,15,10,13,14,14,12,13,16,15,12,13,13,15,13,13
哈里·威尔逊 - 选​择球​员,414.29333333333335,15,16,7,14,16,14,3,16,8,15,15,16,5,17,15,8,13,9,14,12,11,15,13,13,15,12,14,13,14,6,14,12,14,8,14,12,11,16,11
埃米尔·史密斯-洛维 - 选​择球​员,420.2566666666666,15,12,6,11,15,11,2,15,8,12,14,14,5,13,15,8,12,12,14,8,13,15,15,16,14,11,15,14,16,8,13,11,15,9,14,10,12,13,14
加尔文·尤仁波 - 选​择球​员,431.80749999999995,11,12,15,9,12,9,14,12,14,7,7,10,15,7,11,14,15,13,13,10,15,7,12,12,10,16,13,13,14,16,14,19,13,18,15,16,11,9,9
奥斯卡·鲍勃 - 选​择球​员,410.3366666666666,13,9,7,10,14,12,4,15,6,10,11,13,6,11,15,12,14,13,13,7,12,13,14,13,13,11,13,14,15,8,16,13,12,8,14,14,15,7,10
哈里森·里德 - 选​择球​员,385.61583333333334,14,12,14,8,11,11,8,11,13,11,8,12,12,11,9,13,16,14,13,13,14,11,17,14,15,15,13,13,13,8,14,15,14,11,11,14,14,12,13
安托尼·鲁宾逊 - 选​择球​员,449.1616666666667,13,14,12,8,13,3,6,14,15,7,7,13,11,7,11,14,17,11,12,14,13,12,14,13,12,14,15,11,17,13,15,16,13,14,17,14,15,13,12
瑞安·塞塞尼翁 - 选​择球​员,414.83916666666664,12,12,12,10,14,9,10,12,12,9,12,10,7,11,14,12,15,12,12,10,4,14,14,15,12,7,13,13,16,8,15,16,13,8,16,17,13,13,13
肯尼·太特 - 选​择球​员,418.3033333333334,13,14,16,7,12,7,12,10,16,7,7,12,11,10,9,14,16,11,14,8,11,10,15,11,14,14,15,12,15,12,14,15,14,14,14,14,16,14,11
劳尔·希门尼斯 - 选​择球​员,413.5108333333334,13,11,8,19,14,8,6,13,9,12,14,12,13,12,9,10,17,14,12,8,16,11,15,14,16,13,12,17,13,15,10,12,14,13,12,13,15,12,13
桑德·贝格 - 选​择球​员,400.0708333333333,15,11,11,12,15,9,6,13,14,9,10,13,9,10,11,14,12,15,15,11,12,14,15,13,14,10,14,13,12,12,14,14,14,13,13,14,13,12,12
萨沙·卢基奇 - 选​择球​员,403.07166666666666,14,11,10,14,13,14,4,12,15,7,11,13,11,12,14,13,14,13,14,10,14,12,13,13,14,12,14,14,13,11,13,15,14,13,13,14,13,13,12
豪尔赫·昆卡 - 选​择球​员,423.1575,13,7,14,6,12,7,9,9,15,6,7,14,13,8,7,14,14,14,13,9,12,12,14,8,14,13,14,14,15,14,14,12,12,15,15,14,13,12,12
萨穆埃尔·楚库泽 - 选​择球​员,425.3375,12,14,6,11,12,9,7,14,8,9,11,13,11,11,14,9,12,11,12,10,11,11,13,14,14,12,13,12,16,9,15,16,13,11,16,12,10,13,11
本杰明·勒克姆特 - 选​择球​员,349.81666666666666,10,1,1,3,10,3,3,3,1,5,2,11,10,2,6,14,12,13,11,11,8,11,13,10,14,14,12,11,10,14,15,13,15,14,10,14,15,13,13
以撒·迪奥普 - 选​择球​员,429.28166666666664,9,3,12,4,12,3,8,12,15,5,6,11,15,9,3,12,14,12,12,13,15,9,14,11,15,12,13,14,14,17,14,13,14,16,14,16,14,14,12
贝恩德·莱诺 - 选​择球​员,371.81500000000005,13,2,2,5,9,3,1,2,1,6,3,12,6,2,4,13,12,14,10,13,8,7,16,6,12,14,14,15,12,14,16,12,14,12,10,14,16,15,14
凯文 - 选​择球​员,428.275,13,12,6,12,16,12,5,16,7,11,14,15,9,11,18,8,12,8,12,9,10,12,11,15,14,11,13,13,17,8,14,13,14,11,15,12,12,14,8
乔希·金 - 选​择球​员,395.61416666666673,14,12,9,10,13,9,6,14,12,7,12,14,6,9,13,12,15,14,13,8,8,14,14,14,15,15,12,16,15,8,13,13,14,7,12,14,13,12,11
费萨尔·瓦塔拉 - 选​择球​员,412.94,13,13,8,11,14,8,5,14,10,12,13,12,8,11,15,9,15,11,11,7,9,13,14,13,13,9,13,13,15,9,13,13,12,11,15,15,12,13,10
蒂亚戈 - 选​择球​员,432.10333333333324,12,10,7,16,14,7,8,13,9,8,15,13,16,11,10,8,16,14,13,11,13,12,14,14,14,15,14,14,14,14,13,14,14,16,14,14,14,14,13
马蒂亚斯·延森 - 选​择球​员,391.4975,14,13,9,11,14,13,17,13,13,12,10,14,9,11,14,12,15,14,14,13,9,16,14,13,14,13,14,14,12,10,10,13,12,12,12,13,14,13,13
米克尔·达姆斯高 - 选​择球​员,392.09833333333336,16,13,8,12,16,13,7,15,11,11,11,14,6,11,16,8,14,14,14,8,13,16,14,14,14,13,13,14,13,7,12,13,11,8,13,11,14,14,10
约旦·汉德森 - 选​择球​员,410.9991666666667,16,12,14,11,14,14,9,11,14,13,7,11,10,9,7,15,17,15,16,19,14,15,18,13,19,16,15,14,12,12,12,15,14,12,12,17,13,16,18
卡奥姆辛·凯莱赫 - 选​择球​员,374.465,13,2,1,5,14,4,2,1,1,9,1,14,9,2,2,14,8,12,13,7,13,8,13,2,15,13,15,14,13,12,11,10,14,12,12,13,14,14,16
乔希·达席尔瓦 - 选​择球​员,374.62083333333334,14,12,11,11,14,8,8,13,12,9,13,13,11,14,14,11,14,14,13,9,12,14,14,13,15,10,14,13,11,10,12,11,14,12,11,11,14,13,13
赖斯·纳尔逊 - 选​择球​员,418.29833333333335,13,12,5,10,15,12,8,15,6,12,11,14,7,13,16,5,12,11,12,5,12,13,11,13,11,11,12,13,16,7,15,13,13,9,15,14,12,13,14
基恩·刘易斯-波特 - 选​择球​员,412.27416666666664,13,14,7,12,13,9,9,14,13,10,12,13,10,12,13,10,15,13,14,9,12,13,13,13,17,13,13,14,14,10,15,14,11,11,14,14,14,14,13
纳森·科林斯 - 选​择球​员,424.08250000000004,13,8,14,5,13,4,10,11,16,7,8,12,15,6,7,14,15,14,13,16,14,13,15,7,15,17,14,15,13,15,14,14,14,15,14,15,13,14,10
法比奥·卡瓦略 - 选​择球​员,401.2158333333333,13,11,7,12,15,12,5,15,8,11,12,14,7,11,15,8,12,11,12,7,12,14,12,13,13,11,13,13,15,8,14,11,11,8,14,13,12,10,11
里科·亨利 - 选​择球​员,425.78249999999997,13,13,12,8,13,7,9,14,13,7,10,14,13,10,13,15,15,14,14,12,12,14,15,12,15,14,14,14,15,9,13,14,14,12,15,14,15,14,14
埃勒里·巴尔科姆 - 选​择球​员,326.8474999999999,10,1,1,5,8,2,2,2,2,7,3,10,5,3,4,13,12,11,9,7,10,7,11,3,12,14,12,12,10,15,15,11,11,11,8,12,11,11,9
赛普·范登博格 - 选​择球​员,430.4575,13,9,15,6,13,5,12,10,14,5,7,12,14,6,8,14,16,14,13,12,15,13,14,9,16,16,14,14,13,16,15,13,14,14,15,12,16,14,15
哈公·拉芬·瓦尔迪马松 - 选​择球​员,353.4858333333333,11,3,1,3,9,3,3,2,1,7,2,11,9,3,4,13,13,14,13,8,10,12,12,7,15,15,13,14,11,15,11,12,12,12,10,12,14,12,14
瓦尔·阿德多昆 - 选​择球​员,372.41083333333336,12,11,5,5,12,10,3,12,8,6,8,12,8,9,12,8,12,7,10,6,10,11,11,12,13,12,12,11,13,8,12,11,12,9,13,11,12,10,8
克里斯托弗·阿耶尔 - 选​择球​员,426.3825,13,8,14,11,14,6,12,12,14,7,10,13,15,8,7,13,15,14,12,15,16,13,14,11,18,15,14,14,13,16,14,14,13,14,13,15,14,14,16
亚伦·希齐 - 选​择球​员,401.7658333333334,12,13,12,8,13,11,11,14,12,9,9,12,11,13,13,13,14,12,12,8,12,13,15,12,15,15,13,12,14,11,13,13,11,11,14,13,13,12,13
耶霍尔·亚尔莫柳克 - 选​择球​员,408.6741666666667,13,12,12,9,13,10,9,13,13,9,8,13,13,8,12,14,18,14,13,8,13,13,14,13,16,15,14,14,13,11,16,16,13,12,13,15,14,13,13
埃腾·平诺克 - 选​择球​员,399.3258333333333,12,7,13,5,12,5,14,8,14,6,8,12,15,5,6,14,14,14,14,13,12,12,13,8,16,15,13,15,11,17,11,13,15,15,12,14,14,14,14
维塔利·亚内特 - 选​择球​员,407.7658333333334,14,13,12,9,13,11,13,13,14,10,12,14,13,13,9,13,16,14,13,12,16,13,15,12,16,17,14,14,12,12,15,15,14,14,12,16,15,14,14
凯温·沙德 - 选​择球​员,437.74416666666673,12,12,5,11,14,9,14,13,7,7,13,13,13,11,14,6,13,12,12,9,12,11,11,13,13,11,12,11,16,15,16,13,11,11,16,14,13,13,13
迈克尔·卡尤德 - 选​择球​员,429.4824999999999,13,13,12,6,13,5,20,13,14,6,9,12,13,7,14,13,16,12,13,7,12,12,14,12,15,13,12,12,15,12,14,15,15,13,16,16,14,12,15
安多尼·米拉姆波 - 选​择球​员,401.47416666666675,13,11,7,4,14,12,7,13,8,12,11,15,11,9,13,7,14,13,13,8,8,14,16,12,13,13,13,13,13,10,15,14,13,11,13,14,13,14,11
詹姆斯·米尔纳 - 选​择球​员,383.6241666666667,14,12,13,16,14,13,13,10,13,9,11,15,9,7,9,13,17,14,16,17,15,12,18,12,19,17,13,14,11,8,8,17,13,14,10,19,15,15,17
贾森·斯蒂尔 - 选​择球​员,360.9266666666667,16,3,3,7,13,4,3,1,1,7,2,12,1,2,3,13,14,12,14,14,9,15,15,4,14,13,11,17,12,14,10,13,10,11,12,10,12,8,13
伊戈尔 - 选​择球​员,411.10333333333335,13,11,14,7,13,6,12,11,15,6,6,13,14,9,11,14,14,12,12,8,15,12,12,8,14,15,14,14,13,14,13,15,13,16,14,15,13,10,10
马克西姆·德·凯珀 - 选​择球​员,399.52083333333326,14,14,11,13,14,13,10,11,14,8,11,13,11,12,13,11,13,12,13,11,12,14,16,13,13,15,11,14,14,12,12,13,11,10,14,13,13,13,14
丹尼·维尔贝克 - 选​择球​员,429.93666666666667,14,8,7,14,14,5,3,13,8,4,14,14,15,9,14,9,16,15,16,14,12,14,16,16,14,14,14,14,13,14,11,13,13,15,14,15,14,13,13
本·巴尔克雷 - 选​择球​员,319.65333333333336,12,7,12,4,12,5,12,8,12,5,6,9,13,6,7,12,13,11,10,9,12,8,12,8,11,13,11,10,8,13,9,11,11,13,8,12,10,12,13
刘易斯·邓克 - 选​择球​员,387.03000000000003,14,7,14,10,13,5,6,9,16,9,6,13,13,5,8,16,14,16,16,16,13,13,15,7,14,17,15,15,10,15,11,15,10,14,12,13,15,15,9
亚当·韦伯斯特 - 选​择球​员,403.90749999999997,13,6,14,7,13,5,6,13,16,5,6,13,14,7,7,14,14,13,14,15,12,13,13,8,14,14,13,14,11,15,14,14,10,13,14,13,14,15,12
索利·马尔奇 - 选​择球​员,415.1066666666666,13,15,8,10,14,13,4,15,12,13,12,14,8,14,13,13,16,14,15,8,9,12,16,13,14,11,12,13,14,10,13,15,13,10,14,12,15,15,14
托马斯·麦吉尔 - 选​择球​员,341.9725,9,2,3,3,9,3,2,2,2,8,1,8,7,3,1,9,9,11,9,8,15,8,9,3,17,13,9,11,11,12,13,14,10,9,11,13,12,6,10
马特·奥赖利 - 选​择球​员,399.5025,14,12,8,8,15,14,5,13,12,8,13,15,11,12,13,11,12,12,14,9,12,17,13,16,14,8,14,15,12,14,12,13,14,13,12,14,12,14,12
乔尔·韦尔特曼 - 选​择球​员,376.50500000000005,13,11,14,7,13,7,8,9,17,4,7,13,14,5,9,17,14,16,16,15,16,11,15,9,16,16,16,14,11,10,10,13,10,11,10,16,17,15,17
费尔迪·卡迪格鲁 - 选​择球​员,408.2458333333333,13,13,9,8,14,10,8,13,12,11,8,14,5,11,14,9,15,12,13,12,12,14,15,13,15,10,12,14,15,7,14,16,11,10,14,14,16,13,16
马茨·维弗 - 选​择球​员,410.2991666666667,13,7,12,10,13,11,7,11,16,11,6,13,13,11,10,12,16,14,14,13,14,14,16,12,15,15,14,14,13,14,14,15,12,12,13,14,13,12,15
简·保罗·范海克 - 选​择球​员,426.0383333333333,14,10,15,7,14,4,7,13,17,5,8,14,15,5,8,17,14,16,15,14,17,13,14,6,16,16,15,16,12,15,13,14,14,14,13,14,15,14,15
巴特·费尔布鲁根 - 选​择球​员,384.78499999999997,16,12,3,5,14,9,1,11,3,10,2,13,6,1,12,13,12,13,12,12,13,14,14,3,14,13,11,15,12,16,9,12,12,10,12,11,10,8,15
三笘薰 - 选​择球​员,448.77333333333337,13,11,8,9,14,9,7,18,8,8,13,19,10,14,16,7,13,15,14,6,6,14,15,15,13,13,12,14,17,10,16,15,14,7,16,15,14,15,15
奥利弗·博斯卡利 - 选​择球​员,405.9908333333333,14,13,12,4,13,10,5,10,13,15,8,14,13,12,9,14,16,14,13,14,10,14,16,13,15,15,12,14,13,12,15,16,15,12,13,13,15,13,13
乔吉尼奥·鲁特 - 选​择球​员,411.7666666666667,14,10,6,12,14,6,5,14,8,8,11,14,12,12,16,8,15,9,14,10,8,14,15,13,13,12,14,14,13,12,14,14,13,14,14,13,13,9,11
帕斯卡尔·盖 - 选​择球​员,374.6000000000001,16,17,11,14,15,17,6,12,11,16,11,15,10,14,13,12,16,16,16,16,13,16,18,13,15,13,14,16,9,10,13,17,12,11,10,18,17,15,16
雅辛·阿巴斯·阿雅里 - 选​择球​员,419.5891666666666,14,13,9,12,14,13,5,13,14,11,13,13,8,14,13,13,16,15,13,12,14,13,16,13,17,14,14,13,15,9,16,14,12,11,13,12,13,15,15
迭戈·戈麦斯 - 选​择球​员,400.2041666666667,14,9,11,13,13,13,7,12,13,14,12,13,11,14,12,12,16,13,13,9,13,13,14,13,12,14,12,13,13,12,13,13,13,14,13,13,14,11,11
杰克·辛谢尔伍德 - 选​择球​员,403.2833333333333,13,9,11,10,13,11,7,9,14,7,11,14,12,7,7,13,14,14,14,11,13,13,14,12,14,14,14,14,14,12,14,15,11,12,13,15,15,11,15
卡洛斯·巴莱巴 - 选​择球​员,426.13249999999994,14,12,13,7,14,6,5,14,15,8,9,14,10,13,14,14,14,12,13,7,14,14,13,11,12,13,14,15,14,13,16,15,13,16,15,14,11,9,12
扬库巴·明特 - 选​择球​员,440.95750000000004,12,11,6,11,13,12,7,14,11,9,14,13,7,9,13,8,17,11,10,5,13,12,13,14,14,12,14,12,17,8,16,15,13,14,17,13,13,14,6
泰勒·亚当斯 - 选​择球​员,417.4491666666667,15,10,14,5,12,5,11,11,16,5,6,13,8,8,9,17,18,13,15,13,16,12,15,12,15,15,15,12,14,10,13,17,14,14,13,17,15,15,13
詹姆斯·希尔 - 选​择球​员,401.5408333333333,12,9,13,7,13,7,16,10,13,7,7,12,13,9,8,13,14,13,14,13,11,11,14,12,13,12,13,12,14,14,13,14,13,13,13,14,11,11,11
阿德里恩·特卢费尔 - 选​择球​员,419.8408333333333,14,16,13,5,14,8,6,13,15,5,12,14,9,12,13,15,15,14,14,9,13,13,14,14,12,14,14,12,14,8,15,15,15,12,15,12,13,12,12
胡利塞萨尔·索莱尔 - 选​择球​员,411.60333333333335,10,11,12,13,13,8,8,13,10,10,9,12,6,10,8,11,14,12,12,12,10,10,12,12,15,14,12,14,15,8,16,13,13,11,15,12,12,13,12
亚历克斯·斯科特 - 选​择球​员,410.79,15,12,8,7,15,5,4,17,13,6,11,14,8,9,15,14,14,12,14,9,14,16,15,15,18,12,14,15,13,8,13,14,16,9,14,12,11,13,10
亚当·史密斯 - 选​择球​员,402.3158333333334,13,12,12,4,13,6,3,12,14,6,7,13,7,9,9,15,16,12,14,14,10,9,16,13,14,13,14,13,14,7,14,17,11,9,14,16,16,14,11
马科斯·塞内西 - 选​择球​员,412.09916666666675,15,10,16,6,15,6,6,10,15,7,8,13,15,7,11,14,15,12,15,12,10,14,15,10,13,14,14,13,14,15,9,15,14,12,12,14,13,13,13
乔尔杰·佩特罗维奇 - 选​择球​员,356.1541666666667,10,2,1,5,6,4,2,3,3,7,1,10,1,1,2,14,11,12,12,13,13,11,12,3,17,13,13,13,10,15,18,12,12,13,13,5,12,14,11
马库斯·尼埃 - 选​择球​员,407.73,12,12,10,10,16,14,6,14,8,11,10,13,6,11,14,10,15,10,11,12,10,11,16,15,12,11,14,10,15,10,14,15,13,10,14,10,12,11,11
韦杰科·米洛萨维耶维奇 - 选​择球​员,375.1075,13,6,14,10,11,5,5,9,15,8,7,11,15,10,7,13,13,14,13,11,12,9,12,8,12,13,13,12,11,16,14,12,13,13,10,12,12,12,11
克里斯托·曼达斯 - 选​择球​员,368.50166666666667,9,2,3,4,7,4,3,1,3,6,2,10,1,1,3,14,13,12,13,12,10,13,12,2,16,12,13,12,13,13,9,11,12,12,12,12,13,12,13
拉扬 - 选​择球​员,429.57,11,11,7,11,13,7,7,13,7,11,14,13,11,13,13,7,13,11,13,7,10,9,12,14,15,12,12,13,15,13,14,13,14,15,15,14,11,9,12
刘易斯·库克 - 选​择球​员,408.6358333333333,15,11,8,7,14,12,3,13,16,5,10,14,6,9,13,16,16,13,14,14,15,14,16,12,15,15,14,15,13,8,13,15,16,14,12,16,14,13,12
查士丁·克鲁维特 - 选​择球​员,435.2908333333333,13,10,3,13,17,9,2,15,6,8,14,15,7,13,16,6,13,11,13,7,16,14,12,14,15,13,12,13,17,7,16,12,12,8,16,12,12,14,13
朱尼尔·克卢皮 - 选​择球​员,417.8491666666667,12,11,7,15,16,8,5,14,7,10,15,13,11,13,14,7,14,12,14,7,9,13,13,13,13,8,13,15,15,10,16,13,13,7,14,14,13,14,14
瑞安·克里斯蒂 - 选​择球​员,407.2891666666667,14,12,7,11,15,11,1,13,13,12,10,14,5,12,13,11,18,13,13,12,15,14,15,15,12,11,15,10,13,9,16,17,13,12,13,15,15,14,10
弗雷泽·福斯特 - 选​择球​员,273.8975,9,2,3,3,7,5,3,2,7,7,1,8,1,3,2,17,12,17,11,12,7,9,6,1,14,15,12,11,2,20,9,9,13,19,2,11,15,16,13
本·多克 - 选​择球​员,414.8691666666666,13,13,7,7,14,10,3,17,6,6,11,14,5,8,15,5,14,11,12,8,15,13,12,13,18,13,11,13,16,6,13,10,14,10,14,12,11,13,12
巴弗德·迪亚基特 - 选​择球​员,411.3783333333334,14,13,15,9,12,5,13,10,14,4,12,12,15,8,13,13,13,12,12,13,12,9,13,13,15,13,14,15,13,14,13,14,14,15,13,14,13,15,13
戴维·布鲁克斯 - 选​择球​员,405.48583333333335,15,13,7,8,16,9,4,15,10,10,13,14,8,8,16,8,15,10,15,5,6,16,13,15,14,6,14,15,14,6,13,11,15,7,15,9,12,9,14
艾瓦尼尔森 - 选​择球​员,425.49916666666667,14,8,8,13,16,6,7,12,9,8,15,15,12,10,14,5,15,12,13,10,13,14,12,16,13,12,14,15,13,13,13,14,17,16,14,11,13,15,14
阿米恩·艾德利 - 选​择球​员,421.8949999999999,13,11,7,12,14,12,6,15,8,12,12,13,12,11,16,7,14,11,11,7,13,12,13,13,14,12,13,12,16,10,14,12,12,10,15,12,12,13,12
埃内斯·乌纳尔 - 选​择球​员,401.16666666666663,10,9,6,14,15,6,6,13,6,15,14,14,13,13,14,7,13,11,12,9,11,11,12,14,15,13,12,13,12,13,13,14,13,14,12,12,13,10,12
阿莱克斯·希门内斯 - 选​择球​员,417.685,12,12,9,7,13,6,6,14,12,4,8,12,6,12,10,10,14,11,10,10,16,11,13,15,15,15,14,9,17,7,15,14,13,10,14,14,13,12,13
马克西姆·埃斯特夫 - 选​择球​员,421.19499999999994,12,5,14,9,12,5,5,6,15,4,4,11,14,8,6,14,13,14,14,10,12,10,13,10,13,13,14,14,15,13,14,12,12,15,16,12,15,14,15
乔希·卡伦 - 选​择球​员,383.86583333333334,14,11,14,7,12,10,6,12,14,11,6,14,8,7,9,14,17,13,14,14,8,13,16,13,14,15,14,14,12,9,14,16,13,11,11,15,14,10,12
希尔玛·埃克达尔 - 选​择球​员,380.1574999999999,13,11,12,7,13,6,8,11,14,7,6,13,14,7,10,13,14,13,13,13,8,11,15,9,15,15,13,14,11,14,13,13,12,13,11,14,15,12,14
默罕默德·阿姆杜尼 - 选​择球​员,409.3775,12,8,5,14,15,7,4,14,6,9,12,13,12,12,14,6,10,11,13,7,6,13,11,14,8,6,13,14,12,14,15,13,14,12,13,13,10,12,14
弗洛伦迪诺·路易斯 - 选​择球​员,404.3233333333334,12,5,14,10,11,4,8,8,17,5,8,12,10,8,8,16,16,15,13,9,14,12,17,6,14,13,18,11,13,12,16,16,13,12,12,16,18,14,12
阿什利·巴恩斯 - 选​择球​员,348.21916666666664,13,9,8,15,13,6,5,8,10,9,12,14,14,11,7,12,17,14,13,15,18,13,18,15,16,18,14,12,8,14,10,13,13,15,8,16,11,15,11
麦克·特雷索 - 选​择球​员,397.145,13,15,7,14,14,13,6,14,7,14,13,13,9,11,14,12,12,13,13,9,9,13,13,13,13,15,12,13,14,9,12,13,11,12,13,12,13,13,8
莱斯利·乌戈楚库 - 选​择球​员,407.58250000000004,15,11,13,10,12,11,6,13,15,11,10,14,13,12,11,15,15,12,12,6,11,13,14,12,11,13,14,14,13,15,9,15,14,17,12,12,12,10,12
乔丹·贝耶尔 - 选​择球​员,394.9325,13,8,14,7,12,4,12,12,14,4,6,11,13,6,11,14,12,14,12,8,13,12,14,11,13,16,14,14,12,13,14,13,15,14,13,8,12,12,15
赖尔·福斯特 - 选​择球​员,414.59999999999997,11,7,6,12,13,6,5,13,6,8,14,12,12,11,13,6,14,13,12,10,11,12,14,12,13,11,14,12,14,13,13,13,13,15,13,12,12,11,12
乔·沃洛 - 选​择球​员,345.7199999999999,10,7,12,5,10,6,7,6,14,6,5,10,14,5,7,13,14,12,12,15,14,8,15,7,13,16,12,12,10,16,12,14,10,15,8,12,12,12,12
詹姆斯·沃德-普洛维斯 - 选​择球​员,355.96,13,17,9,13,15,18,6,10,13,18,12,13,7,11,11,12,19,13,12,15,13,12,17,12,17,13,13,14,10,7,9,18,12,11,9,19,12,13,12
巴希尔·汉弗莱斯 - 选​择球​员,400.3533333333333,11,9,12,5,12,6,8,11,13,6,6,11,13,6,8,13,13,13,12,9,10,10,12,9,15,13,14,12,13,14,11,14,12,13,13,13,13,11,16
贾伊顿·安东尼 - 选​择球​员,406.7783333333333,12,13,7,10,13,11,2,14,6,6,11,13,7,8,12,8,14,12,12,6,10,12,14,14,14,8,12,12,15,8,14,14,12,8,15,14,10,7,11
乔希·劳伦特 - 选​择球​员,392.59916666666663,13,11,12,6,12,9,15,12,13,8,10,13,11,10,12,13,16,14,12,13,13,12,16,13,15,14,12,13,12,13,13,12,12,13,12,18,10,13,13
基伦·瓦尔克 - 选​择球​员,422.4408333333334,13,11,14,6,13,4,12,12,14,11,7,13,13,8,10,14,14,12,12,15,13,12,15,13,16,13,14,13,14,11,12,16,13,14,16,20,15,13,11
雅各布·布鲁恩·拉森 - 选​择球​员,409.9025,11,12,8,12,13,12,8,14,8,14,11,12,11,11,12,8,13,10,12,8,8,10,15,14,13,11,12,11,15,11,13,12,12,11,15,12,12,11,10
瓦茨拉夫·哈拉德奇 - 选​择球​员,359.9883333333333,15,2,7,5,8,2,6,3,6,3,2,13,3,2,11,13,7,13,12,13,9,11,10,5,15,15,12,13,12,12,9,7,10,12,12,15,15,16,15
卢姆·查乌奈 - 选​择球​员,413.3533333333333,13,13,7,11,15,12,6,14,6,12,13,14,8,15,14,5,11,10,11,5,8,11,10,13,12,10,12,12,16,9,16,13,13,11,14,14,11,10,8
马丁纳·杜布拉夫卡 - 选​择球​员,345.97999999999996,12,1,5,3,10,1,5,1,3,2,1,11,3,2,10,15,10,10,11,13,9,12,12,3,15,14,15,12,11,15,10,10,13,12,9,14,15,14,12
奎林德西·哈特曼 - 选​择球​员,411.87833333333333,12,14,12,12,12,13,12,11,14,13,7,12,8,11,11,13,17,11,11,12,16,12,16,13,16,16,12,13,15,11,16,15,11,9,15,12,11,14,13
阿曼多·布罗亚 - 选​择球​员,430.9983333333333,8,8,5,12,13,7,7,15,8,7,14,13,12,8,13,6,13,8,11,11,14,9,12,14,12,11,13,12,15,14,16,13,15,14,15,10,10,10,11
马库斯·爱德华兹 - 选​择球​员,410.92,15,13,6,14,17,13,5,18,6,13,14,15,11,12,18,7,7,11,11,5,8,14,8,15,6,8,13,12,15,7,14,12,15,6,14,14,10,13,13
阿克塞尔·图安泽贝 - 选​择球​员,424.7008333333333,13,6,13,9,12,4,7,12,14,5,5,13,12,4,7,14,13,12,11,12,14,8,11,6,14,13,15,12,15,13,16,12,13,14,15,12,11,12,13
康纳·罗伯茨 - 选​择球​员,378.89916666666664,11,13,12,5,11,13,18,8,12,11,10,11,10,9,11,12,14,12,11,10,14,11,15,14,18,12,12,11,12,9,13,18,11,9,13,19,12,16,12
卢卡斯·皮雷斯·席尔瓦 - 选​择球​员,395.41749999999996,11,15,9,7,14,10,10,14,10,10,10,11,10,11,12,12,12,13,11,5,6,13,12,14,11,11,11,11,14,11,13,14,12,10,14,13,12,11,9
哈尼巴尔 - 选​择球​员,412.2066666666667,13,11,5,11,15,14,3,14,9,13,10,14,6,10,16,7,16,11,10,6,16,12,12,12,12,13,13,12,13,11,16,16,13,11,14,15,10,14,13
齐亚·弗莱明 - 选​择球​员,379.2608333333333,12,11,8,12,14,8,17,12,9,14,14,12,12,13,12,8,11,12,10,11,11,14,12,13,16,10,13,14,11,14,14,10,13,12,11,10,10,12,15
谢默斯·科尔曼 - 选​择球​员,392.88666666666666,12,11,12,7,12,5,12,11,15,8,12,12,14,13,11,14,15,14,14,17,15,9,15,13,18,15,14,13,12,10,12,12,14,13,12,9,14,12,14
基尔南·德斯布里-霍尔 - 选​择球​员,399.7891666666667,15,12,9,10,13,13,5,14,12,14,15,15,10,11,13,14,17,12,14,11,13,15,15,15,15,12,12,14,12,10,13,16,12,14,12,18,13,14,12
卡洛斯·阿尔卡拉兹 - 选​择球​员,407.32833333333326,15,11,12,11,15,12,9,13,11,14,13,14,9,12,14,15,14,13,14,10,14,14,15,14,14,11,13,14,13,14,11,13,13,12,13,12,12,13,8
蒂埃诺·巴里 - 选​择球​员,441.415,12,10,8,13,12,8,6,12,6,8,12,12,13,13,11,8,14,11,13,8,11,13,14,15,12,15,13,11,14,18,16,15,13,14,16,15,12,13,13
蒂姆·伊鲁格布南 - 选​择球​员,415.3241666666667,13,9,13,7,14,10,6,13,15,9,8,13,7,13,14,13,14,13,13,6,14,12,14,13,13,12,13,14,14,13,15,13,14,15,13,15,13,13,14
伊迪萨·盖耶 - 选​择球​员,399.97416666666663,11,9,14,8,13,8,9,10,18,9,6,13,11,11,8,14,16,14,13,13,14,12,17,9,16,17,15,13,13,8,12,16,12,13,13,15,13,14,13
贝托 - 选​择球​员,448.57500000000005,12,7,6,11,11,5,6,13,6,6,12,11,13,11,11,8,16,13,13,8,15,10,13,15,16,12,12,14,15,17,16,13,10,17,16,14,12,10,13
詹姆斯·加纳 - 选​择球​员,407.14666666666665,15,14,10,12,16,14,2,10,16,12,11,14,8,13,9,15,17,14,13,11,12,14,16,15,16,12,13,14,12,12,12,17,13,13,13,16,16,17,12
德怀特·麦克内尔 - 选​择球​员,390.35083333333336,14,14,10,9,15,13,6,13,12,9,12,14,7,14,14,10,13,12,13,6,8,13,15,14,16,14,13,13,12,11,13,14,10,10,13,16,14,13,12
杰克·吉尔利什 - 选​择球​员,411.5625,14,14,6,12,14,13,3,17,9,10,9,15,11,10,16,10,15,12,13,12,9,14,13,13,14,15,13,14,14,7,15,14,14,13,12,15,12,14,16
约旦·皮克福德 - 选​择球​员,328.17249999999996,13,2,1,1,14,3,3,3,1,7,2,11,8,3,1,15,11,15,13,16,16,15,10,2,14,16,15,10,8,14,11,13,12,14,8,15,16,13,15
泰勒·迪布林 - 选​择球​员,419.35333333333335,14,13,7,7,15,13,9,17,7,9,10,15,7,13,15,9,10,11,12,7,7,14,10,13,12,10,11,14,14,10,15,12,16,14,15,11,11,11,10
维塔利·米科伦科 - 选​择球​员,422.85333333333335,13,13,14,4,11,8,11,10,14,5,9,12,13,9,7,13,16,11,12,8,12,11,13,13,16,15,14,13,15,13,15,15,11,13,15,14,13,15,16
杰克·奥布莱恩 - 选​择球​员,437.32083333333327,11,10,14,4,11,4,15,9,15,6,8,13,16,4,3,14,14,13,12,15,14,7,12,11,14,15,12,13,14,18,14,14,14,15,16,10,15,12,13
马克·特拉弗斯 - 选​择球​员,345.7325,10,2,1,3,10,5,1,3,3,9,1,9,2,1,6,14,12,13,12,8,8,12,11,3,12,12,14,10,11,13,13,15,10,11,11,14,13,12,13
贾拉德·布兰斯维特 - 选​择球​员,432.9758333333333,12,6,12,6,14,3,9,12,14,7,7,12,16,5,13,14,14,14,12,11,14,14,13,11,13,17,14,15,14,18,14,13,13,15,14,13,16,14,13
詹姆斯·塔尔科夫斯基 - 选​择球​员,406.64083333333343,12,6,14,10,12,3,7,10,16,4,8,13,17,6,10,14,15,15,12,17,17,10,16,8,13,17,15,13,12,14,11,13,13,15,12,14,16,12,13
迈克尔·基恩 - 选​择球​员,386.18583333333333,13,8,14,5,15,5,12,8,16,5,9,12,17,6,5,15,13,14,12,12,11,10,15,10,17,15,15,11,10,15,13,13,12,15,12,14,10,12,12
哈里森·阿姆斯特朗 - 选​择球​员,408.89750000000004,12,11,9,9,14,6,7,12,11,7,8,13,10,7,12,13,14,12,11,11,12,13,12,10,14,14,12,13,13,14,10,14,13,14,14,15,13,12,14
梅林·洛赫尔 - 选​择球​员,412.63,13,10,10,10,15,6,7,15,12,6,8,14,12,10,15,10,15,12,11,11,13,12,15,12,15,12,12,11,13,14,15,15,12,11,15,10,12,13,10
亚当·阿兹努 - 选​择球​员,403.6558333333334,12,14,9,11,16,12,10,15,11,11,7,14,6,10,16,9,15,9,10,10,13,11,12,11,13,12,12,10,15,8,14,13,14,7,14,13,13,13,8
伊利曼·恩迪亚耶 - 选​择球​员,423.64833333333337,12,12,5,10,17,8,5,19,10,9,15,16,12,12,17,10,15,13,10,9,6,13,12,13,15,11,11,13,14,8,16,12,14,14,14,12,15,12,13
纳森·帕特森 - 选​择球​员,408.6408333333333,11,14,10,5,11,12,10,9,13,6,8,11,8,11,7,11,14,12,7,4,12,11,13,13,14,12,11,12,15,11,13,17,11,12,15,14,11,13,13
汤姆·金 - 选​择球​员,280.14916666666664,4,1,3,2,6,2,3,2,4,3,2,6,2,2,2,6,12,6,6,9,6,7,11,1,12,11,7,7,7,14,18,11,14,15,6,8,7,10,5
格雷戈尔·克贝尔 - 选​择球​员,404.0491666666666,11,2,1,3,10,4,10,7,6,6,5,9,7,6,8,17,17,14,15,16,16,11,13,6,18,16,16,13,10,18,9,12,13,17,12,12,18,17,14
尼科·施洛特贝克 - 选​择球​员,442.1825,16,12,14,13,14,14,14,12,17,13,7,13,14,13,12,15,18,13,14,16,16,16,16,10,18,17,15,16,13,16,12,13,16,16,14,15,17,15,14
塞罗·吉拉西 - 选​择球​员,442.0574999999999,14,8,7,12,15,6,6,13,8,13,17,15,16,13,13,8,12,14,14,14,13,14,15,16,16,15,17,16,13,16,15,13,16,16,13,12,15,15,12
瓦德玛尔·安东 - 选​择球​员,431.0241666666667,14,8,15,7,12,4,12,12,15,6,6,12,14,8,8,15,17,13,13,16,16,13,16,10,17,17,15,14,12,16,14,15,15,15,14,15,16,13,14
朱利安·布兰特 - 选​择球​员,403.65666666666664,16,14,8,12,17,14,6,15,8,15,12,17,7,14,16,8,9,12,13,12,8,17,12,12,10,10,14,16,12,10,14,15,12,10,14,12,12,12,8
尼克拉斯·聚勒 - 选​择球​员,414.10749999999996,14,11,14,10,13,3,12,12,14,5,8,13,14,12,12,15,11,13,13,13,11,13,13,11,11,15,14,15,11,16,14,12,17,17,16,8,13,16,8
菲利克斯·恩梅查 - 选​择球​员,436.58333333333337,15,11,11,12,16,12,7,16,12,12,10,16,13,14,16,12,13,12,13,8,13,15,13,12,13,13,14,16,13,15,15,15,16,15,16,11,13,12,10
杨科托 - 选​择球​员,407.3683333333333,14,15,9,8,15,12,12,16,11,10,8,15,6,10,15,10,13,10,13,8,13,14,12,15,12,12,13,12,15,6,14,14,12,9,15,12,12,10,10
马塞尔·萨比策 - 选​择球​员,401.25749999999994,14,12,12,16,13,13,8,12,12,15,11,13,10,16,12,12,17,12,13,15,16,13,16,16,17,15,13,13,12,10,13,16,12,12,13,16,14,16,10
拉米·本瑟巴尼 - 选​择球​员,422.3033333333333,13,12,13,17,15,12,14,12,15,11,10,15,16,9,12,13,14,13,13,13,16,13,13,13,16,16,13,15,13,15,12,14,15,14,14,12,14,14,12
乔布·贝灵汉 - 选​择球​员,407.3241666666667,14,9,12,10,15,10,8,13,12,10,11,15,12,12,12,12,14,12,12,12,15,12,13,13,16,14,14,13,12,14,15,15,12,14,13,13,13,13,13
丹尼尔·斯文松 - 选​择球​员,394.27833333333325,13,13,12,12,13,13,13,12,12,13,8,13,11,10,12,12,16,13,12,8,10,12,16,13,13,13,12,12,13,11,12,18,12,12,13,18,15,12,12
艾曼·阿支尔 - 选​择球​员,371.635,13,10,9,12,14,12,6,12,10,12,8,13,7,11,12,9,14,11,12,13,14,13,13,9,14,12,12,13,12,7,15,15,12,9,11,12,13,12,12
帕特里克·戈布尔 - 选​择球​员,365.065,14,14,9,9,13,13,8,13,9,14,9,12,5,10,12,10,13,10,12,6,4,14,14,13,13,7,11,9,13,6,12,10,10,8,12,12,18,10,14
埃姆雷·詹 - 选​择球​员,427.0116666666666,13,9,13,19,13,8,10,13,16,11,10,13,14,14,12,13,16,12,12,14,17,13,12,12,17,16,13,12,12,15,14,14,16,16,15,12,12,10,10
萨利赫·奥兹坎 - 选​择球​员,404.90333333333336,13,11,13,12,13,12,8,12,14,12,8,13,13,9,12,13,16,14,12,13,16,12,16,11,16,16,15,12,12,12,15,15,14,13,13,14,13,15,12
亚历山大·梅耶尔 - 选​择球​员,332.2183333333333,13,3,1,1,12,5,3,2,2,7,1,12,8,1,7,13,12,13,12,15,12,13,16,8,13,13,12,15,8,17,10,11,12,15,9,15,15,12,14
法比奥·席尔瓦 - 选​择球​员,418.63749999999993,12,9,6,14,15,8,7,14,6,8,14,15,14,12,14,6,13,13,12,8,13,12,12,15,15,12,13,14,13,13,14,13,13,13,14,12,13,13,8
胡利安·瑞尔森 - 选​择球​员,411.8783333333333,12,14,13,10,11,14,13,12,14,13,8,11,12,10,11,13,18,15,12,13,16,11,17,12,16,16,13,12,13,12,13,16,15,13,13,14,14,13,16
卡尔尼·楚科维米卡 - 选​择球​员,401.0474999999999,14,10,9,12,17,10,6,15,11,10,10,16,11,12,17,10,12,10,12,10,8,13,11,12,12,12,12,13,14,13,16,13,12,12,14,6,12,10,8
马克西米兰·贝尔 - 选​择球​员,442.48249999999996,11,10,7,13,13,8,13,13,8,8,14,12,13,12,13,8,16,11,11,11,12,11,13,14,16,13,13,12,16,13,16,15,11,10,17,17,13,14,12
卡里姆·阿德耶米 - 选​择球​员,443.1016666666667,10,9,7,13,12,11,8,13,8,10,12,11,10,13,14,8,12,10,11,4,13,10,11,13,11,12,13,11,19,12,16,12,10,9,18,12,12,12,8
菲利波·马内 - 选​择球​员,384.9774999999999,12,8,12,6,12,3,12,11,13,3,6,12,13,6,8,13,13,11,10,12,13,11,12,8,13,13,12,11,13,13,14,12,13,13,14,4,12,10,8
雅尼克·鲁尔斯 - 选​择球​员,378.22,13,7,12,7,11,3,8,10,13,3,6,11,13,6,8,13,13,11,10,12,16,12,12,7,13,14,13,12,11,14,11,11,14,14,12,13,12,8,11
阿尔穆格拉·卡巴尔 - 选​择球​员,419.6758333333333,9,11,10,10,10,8,14,12,13,12,7,10,12,9,12,10,15,9,8,10,16,9,12,11,13,15,11,8,14,14,12,13,14,16,16,11,10,15,8
